{
"type": "FeatureCollection",
"name": "myanmar_earthquakes_20250328_to_present",
"crs": { "type": "name", "properties": { "name": "urn:ogc:def:crs:OGC:1.3:CRS84" } },
"features": [
{ "type": "Feature", "properties": { "mag": 5.2, "place": "36 km SSE of Syriam, Burma (Myanmar)", "time": 1779069924327, "updated": 1779078286046, "tz": null, "url": "https://earthquake.usgs.gov/earthquakes/eventpage/us6000syg0", "detail": "https://earthquake.usgs.gov/fdsnws/event/1/query?eventid=us6000syg0&format=geojson", "felt": 49.0, "cdi": 4.8, "mmi": 6.27, "alert": "green", "status": "reviewed", "tsunami": 0, "sig": 440, "net": "us", "code": "6000syg0", "ids": ",us6000syg0,usauto6000syg0,", "sources": ",us,usauto,", "types": ",dyfi,ground-failure,internal-moment-tensor,losspager,origin,phase-data,shakemap,", "nst": 79, "dmin": 3.209, "rms": 0.81, "gap": 59, "magType": "mww", "type": "earthquake", "title": "M 5.2 - 36 km SSE of Syriam, Burma (Myanmar)" }, "geometry": { "type": "Point", "coordinates": [ 96.3164, 16.4431, 10.0 ] } },
{ "type": "Feature", "properties": { "mag": 5.0, "place": "74 km W of Yenangyaung, Burma (Myanmar)", "time": 1778441796864, "updated": 1778442914040, "tz": null, "url": "https://earthquake.usgs.gov/earthquakes/eventpage/us6000sws5", "detail": "https://earthquake.usgs.gov/fdsnws/event/1/query?eventid=us6000sws5&format=geojson", "felt": null, "cdi": null, "mmi": null, "alert": null, "status": "reviewed", "tsunami": 0, "sig": 385, "net": "us", "code": "6000sws5", "ids": ",us6000sws5,", "sources": ",us,", "types": ",origin,phase-data,", "nst": 104, "dmin": 1.002, "rms": 0.59, "gap": 59, "magType": "mb", "type": "earthquake", "title": "M 5.0 - 74 km W of Yenangyaung, Burma (Myanmar)" }, "geometry": { "type": "Point", "coordinates": [ 94.1576, 20.495, 58.752 ] } },
{ "type": "Feature", "properties": { "mag": 4.5, "place": "95 km W of Myitkyina, Burma (Myanmar)", "time": 1777954249268, "updated": 1777955879040, "tz": null, "url": "https://earthquake.usgs.gov/earthquakes/eventpage/us7000sibr", "detail": "https://earthquake.usgs.gov/fdsnws/event/1/query?eventid=us7000sibr&format=geojson", "felt": null, "cdi": null, "mmi": null, "alert": null, "status": "reviewed", "tsunami": 0, "sig": 312, "net": "us", "code": "7000sibr", "ids": ",us7000sibr,", "sources": ",us,", "types": ",origin,phase-data,", "nst": 49, "dmin": 4.292, "rms": 0.59, "gap": 79, "magType": "mb", "type": "earthquake", "title": "M 4.5 - 95 km W of Myitkyina, Burma (Myanmar)" }, "geometry": { "type": "Point", "coordinates": [ 96.4552, 25.2767, 10.0 ] } },
{ "type": "Feature", "properties": { "mag": 4.3, "place": "27 km W of Pakokku, Burma (Myanmar)", "time": 1777130112107, "updated": 1777138588040, "tz": null, "url": "https://earthquake.usgs.gov/earthquakes/eventpage/us6000ssum", "detail": "https://earthquake.usgs.gov/fdsnws/event/1/query?eventid=us6000ssum&format=geojson", "felt": null, "cdi": null, "mmi": null, "alert": null, "status": "reviewed", "tsunami": 0, "sig": 284, "net": "us", "code": "6000ssum", "ids": ",us6000ssum,", "sources": ",us,", "types": ",origin,phase-data,", "nst": 82, "dmin": 0.193, "rms": 0.7, "gap": 63, "magType": "mb", "type": "earthquake", "title": "M 4.3 - 27 km W of Pakokku, Burma (Myanmar)" }, "geometry": { "type": "Point", "coordinates": [ 94.8216, 21.3783, 108.0 ] } },
{ "type": "Feature", "properties": { "mag": 4.5, "place": "29 km NW of Mawlaik, Burma (Myanmar)", "time": 1776781477187, "updated": 1778622130040, "tz": null, "url": "https://earthquake.usgs.gov/earthquakes/eventpage/us6000sru6", "detail": "https://earthquake.usgs.gov/fdsnws/event/1/query?eventid=us6000sru6&format=geojson", "felt": null, "cdi": null, "mmi": null, "alert": null, "status": "reviewed", "tsunami": 0, "sig": 312, "net": "us", "code": "6000sru6", "ids": ",us6000sru6,", "sources": ",us,", "types": ",origin,phase-data,", "nst": 78, "dmin": 2.694, "rms": 0.82, "gap": 52, "magType": "mb", "type": "earthquake", "title": "M 4.5 - 29 km NW of Mawlaik, Burma (Myanmar)" }, "geometry": { "type": "Point", "coordinates": [ 94.2031, 23.8301, 72.711 ] } },
{ "type": "Feature", "properties": { "mag": 5.0, "place": "64 km E of Wāngjing, India", "time": 1776731375307, "updated": 1778634889310, "tz": null, "url": "https://earthquake.usgs.gov/earthquakes/eventpage/us6000srqj", "detail": "https://earthquake.usgs.gov/fdsnws/event/1/query?eventid=us6000srqj&format=geojson", "felt": 16.0, "cdi": 3.8, "mmi": null, "alert": null, "status": "reviewed", "tsunami": 0, "sig": 391, "net": "us", "code": "6000srqj", "ids": ",us6000srqj,", "sources": ",us,", "types": ",dyfi,origin,phase-data,", "nst": 98, "dmin": 3.416, "rms": 0.71, "gap": 20, "magType": "mb", "type": "earthquake", "title": "M 5.0 - 64 km E of Wāngjing, India" }, "geometry": { "type": "Point", "coordinates": [ 94.6985, 24.6319, 95.116 ] } },
{ "type": "Feature", "properties": { "mag": 4.7, "place": "58 km SE of Mawlaik, Burma (Myanmar)", "time": 1776730107448, "updated": 1777589134040, "tz": null, "url": "https://earthquake.usgs.gov/earthquakes/eventpage/us6000srqg", "detail": "https://earthquake.usgs.gov/fdsnws/event/1/query?eventid=us6000srqg&format=geojson", "felt": null, "cdi": null, "mmi": null, "alert": null, "status": "reviewed", "tsunami": 0, "sig": 340, "net": "us", "code": "6000srqg", "ids": ",us6000srqg,", "sources": ",us,", "types": ",origin,phase-data,", "nst": 127, "dmin": 2.03, "rms": 0.62, "gap": 50, "magType": "mb", "type": "earthquake", "title": "M 4.7 - 58 km SE of Mawlaik, Burma (Myanmar)" }, "geometry": { "type": "Point", "coordinates": [ 94.7793, 23.241, 104.22 ] } },
{ "type": "Feature", "properties": { "mag": 4.3, "place": "80 km SE of Khonsa, India", "time": 1776416017462, "updated": 1777465274040, "tz": null, "url": "https://earthquake.usgs.gov/earthquakes/eventpage/us6000sqr4", "detail": "https://earthquake.usgs.gov/fdsnws/event/1/query?eventid=us6000sqr4&format=geojson", "felt": null, "cdi": null, "mmi": null, "alert": null, "status": "reviewed", "tsunami": 0, "sig": 284, "net": "us", "code": "6000sqr4", "ids": ",us6000sqr4,", "sources": ",us,", "types": ",origin,phase-data,", "nst": 47, "dmin": 5.285, "rms": 0.88, "gap": 106, "magType": "mb", "type": "earthquake", "title": "M 4.3 - 80 km SE of Khonsa, India" }, "geometry": { "type": "Point", "coordinates": [ 96.0185, 26.4175, 112.016 ] } },
{ "type": "Feature", "properties": { "mag": 4.2, "place": "57 km NNE of Shwebo, Burma (Myanmar)", "time": 1775948364828, "updated": 1777348396040, "tz": null, "url": "https://earthquake.usgs.gov/earthquakes/eventpage/us6000srux", "detail": "https://earthquake.usgs.gov/fdsnws/event/1/query?eventid=us6000srux&format=geojson", "felt": null, "cdi": null, "mmi": null, "alert": null, "status": "reviewed", "tsunami": 0, "sig": 271, "net": "us", "code": "6000srux", "ids": ",us6000srux,", "sources": ",us,", "types": ",origin,phase-data,", "nst": 18, "dmin": 2.053, "rms": 0.89, "gap": 103, "magType": "mb", "type": "earthquake", "title": "M 4.2 - 57 km NNE of Shwebo, Burma (Myanmar)" }, "geometry": { "type": "Point", "coordinates": [ 95.9623, 23.0237, 10.0 ] } },
{ "type": "Feature", "properties": { "mag": 4.2, "place": "83 km SE of Phek, India", "time": 1775764943844, "updated": 1776610227040, "tz": null, "url": "https://earthquake.usgs.gov/earthquakes/eventpage/us6000snr8", "detail": "https://earthquake.usgs.gov/fdsnws/event/1/query?eventid=us6000snr8&format=geojson", "felt": null, "cdi": null, "mmi": null, "alert": null, "status": "reviewed", "tsunami": 0, "sig": 271, "net": "us", "code": "6000snr8", "ids": ",us6000snr8,", "sources": ",us,", "types": ",origin,phase-data,", "nst": 57, "dmin": 3.968, "rms": 0.6, "gap": 114, "magType": "mb", "type": "earthquake", "title": "M 4.2 - 83 km SE of Phek, India" }, "geometry": { "type": "Point", "coordinates": [ 95.136, 25.1876, 113.502 ] } },
{ "type": "Feature", "properties": { "mag": 4.3, "place": "113 km SE of Phek, India", "time": 1774697126231, "updated": 1775720997040, "tz": null, "url": "https://earthquake.usgs.gov/earthquakes/eventpage/us7000s8cy", "detail": "https://earthquake.usgs.gov/fdsnws/event/1/query?eventid=us7000s8cy&format=geojson", "felt": null, "cdi": null, "mmi": null, "alert": null, "status": "reviewed", "tsunami": 0, "sig": 284, "net": "us", "code": "7000s8cy", "ids": ",us7000s8cy,", "sources": ",us,", "types": ",origin,phase-data,", "nst": 22, "dmin": 3.675, "rms": 0.56, "gap": 155, "magType": "mb", "type": "earthquake", "title": "M 4.3 - 113 km SE of Phek, India" }, "geometry": { "type": "Point", "coordinates": [ 95.2287, 24.8868, 125.752 ] } },
{ "type": "Feature", "properties": { "mag": 4.2, "place": "52 km S of Mawlaik, Burma (Myanmar)", "time": 1774454484855, "updated": 1775272815040, "tz": null, "url": "https://earthquake.usgs.gov/earthquakes/eventpage/us7000s7jm", "detail": "https://earthquake.usgs.gov/fdsnws/event/1/query?eventid=us7000s7jm&format=geojson", "felt": null, "cdi": null, "mmi": null, "alert": null, "status": "reviewed", "tsunami": 0, "sig": 271, "net": "us", "code": "7000s7jm", "ids": ",us7000s7jm,", "sources": ",us,", "types": ",origin,phase-data,", "nst": 40, "dmin": 2.014, "rms": 1.28, "gap": 71, "magType": "mb", "type": "earthquake", "title": "M 4.2 - 52 km S of Mawlaik, Burma (Myanmar)" }, "geometry": { "type": "Point", "coordinates": [ 94.3994, 23.1718, 88.688 ] } },
{ "type": "Feature", "properties": { "mag": 4.2, "place": "85 km SE of Phek, India", "time": 1774286861787, "updated": 1775326839040, "tz": null, "url": "https://earthquake.usgs.gov/earthquakes/eventpage/us7000s73v", "detail": "https://earthquake.usgs.gov/fdsnws/event/1/query?eventid=us7000s73v&format=geojson", "felt": null, "cdi": null, "mmi": null, "alert": null, "status": "reviewed", "tsunami": 0, "sig": 271, "net": "us", "code": "7000s73v", "ids": ",us7000s73v,", "sources": ",us,", "types": ",origin,phase-data,", "nst": 50, "dmin": 3.884, "rms": 0.61, "gap": 78, "magType": "mb", "type": "earthquake", "title": "M 4.2 - 85 km SE of Phek, India" }, "geometry": { "type": "Point", "coordinates": [ 95.0874, 25.1048, 118.403 ] } },
{ "type": "Feature", "properties": { "mag": 4.2, "place": "4 km NE of Pyinmana, Burma (Myanmar)", "time": 1774266251132, "updated": 1776178948040, "tz": null, "url": "https://earthquake.usgs.gov/earthquakes/eventpage/us7000s9fq", "detail": "https://earthquake.usgs.gov/fdsnws/event/1/query?eventid=us7000s9fq&format=geojson", "felt": null, "cdi": null, "mmi": null, "alert": null, "status": "reviewed", "tsunami": 0, "sig": 271, "net": "us", "code": "7000s9fq", "ids": ",us7000s9fq,", "sources": ",us,", "types": ",origin,phase-data,", "nst": 29, "dmin": 1.694, "rms": 0.65, "gap": 155, "magType": "mb", "type": "earthquake", "title": "M 4.2 - 4 km NE of Pyinmana, Burma (Myanmar)" }, "geometry": { "type": "Point", "coordinates": [ 96.2314, 19.768, 10.0 ] } },
{ "type": "Feature", "properties": { "mag": 4.4, "place": "113 km E of Wāngjing, India", "time": 1773572584783, "updated": 1775485405040, "tz": null, "url": "https://earthquake.usgs.gov/earthquakes/eventpage/us7000s7s2", "detail": "https://earthquake.usgs.gov/fdsnws/event/1/query?eventid=us7000s7s2&format=geojson", "felt": null, "cdi": null, "mmi": null, "alert": null, "status": "reviewed", "tsunami": 0, "sig": 298, "net": "us", "code": "7000s7s2", "ids": ",us7000s7s2,", "sources": ",us,", "types": ",origin,phase-data,", "nst": 27, "dmin": 3.217, "rms": 0.49, "gap": 122, "magType": "mb", "type": "earthquake", "title": "M 4.4 - 113 km E of Wāngjing, India" }, "geometry": { "type": "Point", "coordinates": [ 95.169, 24.4297, 124.231 ] } },
{ "type": "Feature", "properties": { "mag": 4.6, "place": "90 km SSE of Hakha, Burma (Myanmar)", "time": 1772718526548, "updated": 1774792613040, "tz": null, "url": "https://earthquake.usgs.gov/earthquakes/eventpage/us7000s27v", "detail": "https://earthquake.usgs.gov/fdsnws/event/1/query?eventid=us7000s27v&format=geojson", "felt": null, "cdi": null, "mmi": null, "alert": null, "status": "reviewed", "tsunami": 0, "sig": 326, "net": "us", "code": "7000s27v", "ids": ",us7000s27v,", "sources": ",us,", "types": ",origin,phase-data,", "nst": 48, "dmin": 1.156, "rms": 0.6, "gap": 93, "magType": "mb", "type": "earthquake", "title": "M 4.6 - 90 km SSE of Hakha, Burma (Myanmar)" }, "geometry": { "type": "Point", "coordinates": [ 93.9051, 21.879, 66.901 ] } },
{ "type": "Feature", "properties": { "mag": 4.9, "place": "81 km SSE of Mawlaik, Burma (Myanmar)", "time": 1772038308981, "updated": 1778606899040, "tz": null, "url": "https://earthquake.usgs.gov/earthquakes/eventpage/us7000s096", "detail": "https://earthquake.usgs.gov/fdsnws/event/1/query?eventid=us7000s096&format=geojson", "felt": 20.0, "cdi": 3.4, "mmi": null, "alert": null, "status": "reviewed", "tsunami": 0, "sig": 376, "net": "us", "code": "7000s096", "ids": ",us7000s096,usauto7000s096,", "sources": ",us,usauto,", "types": ",dyfi,internal-moment-tensor,moment-tensor,origin,phase-data,", "nst": 114, "dmin": 1.781, "rms": 0.8, "gap": 51, "magType": "mww", "type": "earthquake", "title": "M 4.9 - 81 km SSE of Mawlaik, Burma (Myanmar)" }, "geometry": { "type": "Point", "coordinates": [ 94.7613, 22.9893, 125.346 ] } },
{ "type": "Feature", "properties": { "mag": 4.8, "place": "41 km W of Taiping, China", "time": 1771989354257, "updated": 1778606898040, "tz": null, "url": "https://earthquake.usgs.gov/earthquakes/eventpage/us7000s053", "detail": "https://earthquake.usgs.gov/fdsnws/event/1/query?eventid=us7000s053&format=geojson", "felt": null, "cdi": null, "mmi": null, "alert": null, "status": "reviewed", "tsunami": 0, "sig": 354, "net": "us", "code": "7000s053", "ids": ",us7000s053,", "sources": ",us,", "types": ",origin,phase-data,", "nst": 64, "dmin": 4.138, "rms": 0.93, "gap": 86, "magType": "mb", "type": "earthquake", "title": "M 4.8 - 41 km W of Taiping, China" }, "geometry": { "type": "Point", "coordinates": [ 97.4409, 24.6435, 10.0 ] } },
{ "type": "Feature", "properties": { "mag": 4.4, "place": "97 km W of Yenangyaung, Burma (Myanmar)", "time": 1771282247825, "updated": 1778090038040, "tz": null, "url": "https://earthquake.usgs.gov/earthquakes/eventpage/us6000s9r0", "detail": "https://earthquake.usgs.gov/fdsnws/event/1/query?eventid=us6000s9r0&format=geojson", "felt": null, "cdi": null, "mmi": null, "alert": null, "status": "reviewed", "tsunami": 0, "sig": 298, "net": "us", "code": "6000s9r0", "ids": ",us6000s9r0,", "sources": ",us,", "types": ",origin,phase-data,", "nst": 45, "dmin": 1.177, "rms": 0.39, "gap": 63, "magType": "mb", "type": "earthquake", "title": "M 4.4 - 97 km W of Yenangyaung, Burma (Myanmar)" }, "geometry": { "type": "Point", "coordinates": [ 93.9341, 20.4657, 43.231 ] } },
{ "type": "Feature", "properties": { "mag": 4.2, "place": "57 km W of Monywa, Burma (Myanmar)", "time": 1771123640959, "updated": 1778090034040, "tz": null, "url": "https://earthquake.usgs.gov/earthquakes/eventpage/us7000s0tm", "detail": "https://earthquake.usgs.gov/fdsnws/event/1/query?eventid=us7000s0tm&format=geojson", "felt": null, "cdi": null, "mmi": null, "alert": null, "status": "reviewed", "tsunami": 0, "sig": 271, "net": "us", "code": "7000s0tm", "ids": ",us7000s0tm,", "sources": ",us,", "types": ",origin,phase-data,", "nst": 21, "dmin": 0.95, "rms": 0.7, "gap": 141, "magType": "mb", "type": "earthquake", "title": "M 4.2 - 57 km W of Monywa, Burma (Myanmar)" }, "geometry": { "type": "Point", "coordinates": [ 94.5751, 22.1059, 114.974 ] } },
{ "type": "Feature", "properties": { "mag": 4.1, "place": "76 km E of Wāngjing, India", "time": 1770413507076, "updated": 1777646153040, "tz": null, "url": "https://earthquake.usgs.gov/earthquakes/eventpage/us6000sagi", "detail": "https://earthquake.usgs.gov/fdsnws/event/1/query?eventid=us6000sagi&format=geojson", "felt": null, "cdi": null, "mmi": null, "alert": null, "status": "reviewed", "tsunami": 0, "sig": 259, "net": "us", "code": "6000sagi", "ids": ",us6000sagi,", "sources": ",us,", "types": ",origin,phase-data,", "nst": 22, "dmin": 3.41, "rms": 0.93, "gap": 110, "magType": "mb", "type": "earthquake", "title": "M 4.1 - 76 km E of Wāngjing, India" }, "geometry": { "type": "Point", "coordinates": [ 94.8153, 24.6303, 108.952 ] } },
{ "type": "Feature", "properties": { "mag": 5.2, "place": "57 km ESE of Mawlaik, Burma (Myanmar)", "time": 1770337986470, "updated": 1777646143040, "tz": null, "url": "https://earthquake.usgs.gov/earthquakes/eventpage/us6000s6ug", "detail": "https://earthquake.usgs.gov/fdsnws/event/1/query?eventid=us6000s6ug&format=geojson", "felt": null, "cdi": null, "mmi": null, "alert": null, "status": "reviewed", "tsunami": 0, "sig": 416, "net": "us", "code": "6000s6ug", "ids": ",us6000s6ug,", "sources": ",us,", "types": ",origin,phase-data,", "nst": 67, "dmin": 2.27, "rms": 1.02, "gap": 44, "magType": "mb", "type": "earthquake", "title": "M 5.2 - 57 km ESE of Mawlaik, Burma (Myanmar)" }, "geometry": { "type": "Point", "coordinates": [ 94.9447, 23.4869, 10.0 ] } },
{ "type": "Feature", "properties": { "mag": 4.5, "place": "119 km E of Wāngjing, India", "time": 1770230384492, "updated": 1776977003040, "tz": null, "url": "https://earthquake.usgs.gov/earthquakes/eventpage/us6000s6h9", "detail": "https://earthquake.usgs.gov/fdsnws/event/1/query?eventid=us6000s6h9&format=geojson", "felt": null, "cdi": null, "mmi": null, "alert": null, "status": "reviewed", "tsunami": 0, "sig": 312, "net": "us", "code": "6000s6h9", "ids": ",us6000s6h9,", "sources": ",us,", "types": ",origin,phase-data,", "nst": 66, "dmin": 3.551, "rms": 0.78, "gap": 70, "magType": "mb", "type": "earthquake", "title": "M 4.5 - 119 km E of Wāngjing, India" }, "geometry": { "type": "Point", "coordinates": [ 95.2248, 24.7625, 132.44 ] } },
{ "type": "Feature", "properties": { "mag": 5.1, "place": "86 km W of Yenangyaung, Burma (Myanmar)", "time": 1770133891064, "updated": 1776977001040, "tz": null, "url": "https://earthquake.usgs.gov/earthquakes/eventpage/us6000s65j", "detail": "https://earthquake.usgs.gov/fdsnws/event/1/query?eventid=us6000s65j&format=geojson", "felt": 4.0, "cdi": 2.0, "mmi": null, "alert": null, "status": "reviewed", "tsunami": 0, "sig": 401, "net": "us", "code": "6000s65j", "ids": ",us6000s65j,", "sources": ",us,", "types": ",dyfi,origin,phase-data,", "nst": 176, "dmin": 1.052, "rms": 0.46, "gap": 18, "magType": "mb", "type": "earthquake", "title": "M 5.1 - 86 km W of Yenangyaung, Burma (Myanmar)" }, "geometry": { "type": "Point", "coordinates": [ 94.0461, 20.5355, 71.545 ] } },
{ "type": "Feature", "properties": { "mag": 5.8, "place": "96 km W of Yenangyaung, Burma (Myanmar)", "time": 1770132841535, "updated": 1776977001040, "tz": null, "url": "https://earthquake.usgs.gov/earthquakes/eventpage/us6000s65b", "detail": "https://earthquake.usgs.gov/fdsnws/event/1/query?eventid=us6000s65b&format=geojson", "felt": 26.0, "cdi": 4.1, "mmi": 4.721, "alert": "green", "status": "reviewed", "tsunami": 0, "sig": 528, "net": "us", "code": "6000s65b", "ids": ",us6000s65b,usauto6000s65b,", "sources": ",us,usauto,", "types": ",dyfi,ground-failure,internal-moment-tensor,losspager,moment-tensor,origin,phase-data,shakemap,", "nst": 295, "dmin": 1.187, "rms": 0.54, "gap": 21, "magType": "mww", "type": "earthquake", "title": "M 5.8 - 96 km W of Yenangyaung, Burma (Myanmar)" }, "geometry": { "type": "Point", "coordinates": [ 93.9466, 20.4368, 58.953 ] } },
{ "type": "Feature", "properties": { "mag": 4.4, "place": "86 km NW of Monywa, Burma (Myanmar)", "time": 1769990644726, "updated": 1776977005040, "tz": null, "url": "https://earthquake.usgs.gov/earthquakes/eventpage/us6000s9z9", "detail": "https://earthquake.usgs.gov/fdsnws/event/1/query?eventid=us6000s9z9&format=geojson", "felt": null, "cdi": null, "mmi": null, "alert": null, "status": "reviewed", "tsunami": 0, "sig": 298, "net": "us", "code": "6000s9z9", "ids": ",us6000s9z9,", "sources": ",us,", "types": ",origin,phase-data,", "nst": 27, "dmin": 1.557, "rms": 0.5, "gap": 93, "magType": "mb", "type": "earthquake", "title": "M 4.4 - 86 km NW of Monywa, Burma (Myanmar)" }, "geometry": { "type": "Point", "coordinates": [ 94.6661, 22.7525, 99.044 ] } },
{ "type": "Feature", "properties": { "mag": 4.5, "place": "33 km SE of Falam, Burma (Myanmar)", "time": 1769337814240, "updated": 1776788876040, "tz": null, "url": "https://earthquake.usgs.gov/earthquakes/eventpage/us6000s7vw", "detail": "https://earthquake.usgs.gov/fdsnws/event/1/query?eventid=us6000s7vw&format=geojson", "felt": null, "cdi": null, "mmi": null, "alert": null, "status": "reviewed", "tsunami": 0, "sig": 312, "net": "us", "code": "6000s7vw", "ids": ",us6000s7vw,", "sources": ",us,", "types": ",origin,phase-data,", "nst": 55, "dmin": 1.769, "rms": 0.84, "gap": 160, "magType": "mb", "type": "earthquake", "title": "M 4.5 - 33 km SE of Falam, Burma (Myanmar)" }, "geometry": { "type": "Point", "coordinates": [ 93.9441, 22.7344, 10.0 ] } },
{ "type": "Feature", "properties": { "mag": 4.4, "place": "32 km S of Tharyarwady, Burma (Myanmar)", "time": 1768837437332, "updated": 1776523639040, "tz": null, "url": "https://earthquake.usgs.gov/earthquakes/eventpage/us7000rql1", "detail": "https://earthquake.usgs.gov/fdsnws/event/1/query?eventid=us7000rql1&format=geojson", "felt": 5.0, "cdi": 3.6, "mmi": null, "alert": null, "status": "reviewed", "tsunami": 0, "sig": 300, "net": "us", "code": "7000rql1", "ids": ",us7000rql1,", "sources": ",us,", "types": ",dyfi,origin,phase-data,", "nst": 30, "dmin": 2.827, "rms": 0.46, "gap": 173, "magType": "mb", "type": "earthquake", "title": "M 4.4 - 32 km S of Tharyarwady, Burma (Myanmar)" }, "geometry": { "type": "Point", "coordinates": [ 95.7995, 17.3629, 10.0 ] } },
{ "type": "Feature", "properties": { "mag": 4.9, "place": "26 km NE of Meiktila, Burma (Myanmar)", "time": 1768479137496, "updated": 1776523609040, "tz": null, "url": "https://earthquake.usgs.gov/earthquakes/eventpage/us7000rpuq", "detail": "https://earthquake.usgs.gov/fdsnws/event/1/query?eventid=us7000rpuq&format=geojson", "felt": 3.0, "cdi": 4.1, "mmi": null, "alert": null, "status": "reviewed", "tsunami": 0, "sig": 371, "net": "us", "code": "7000rpuq", "ids": ",us7000rpuq,", "sources": ",us,", "types": ",dyfi,origin,phase-data,", "nst": 77, "dmin": 1.06, "rms": 0.75, "gap": 54, "magType": "mb", "type": "earthquake", "title": "M 4.9 - 26 km NE of Meiktila, Burma (Myanmar)" }, "geometry": { "type": "Point", "coordinates": [ 96.0397, 21.0522, 10.0 ] } },
{ "type": "Feature", "properties": { "mag": 4.4, "place": "124 km SE of Phek, India", "time": 1768162540359, "updated": 1775834444040, "tz": null, "url": "https://earthquake.usgs.gov/earthquakes/eventpage/us7000rp2s", "detail": "https://earthquake.usgs.gov/fdsnws/event/1/query?eventid=us7000rp2s&format=geojson", "felt": null, "cdi": null, "mmi": null, "alert": null, "status": "reviewed", "tsunami": 0, "sig": 298, "net": "us", "code": "7000rp2s", "ids": ",us7000rp2s,", "sources": ",us,", "types": ",origin,phase-data,", "nst": 88, "dmin": 3.6, "rms": 0.56, "gap": 55, "magType": "mb", "type": "earthquake", "title": "M 4.4 - 124 km SE of Phek, India" }, "geometry": { "type": "Point", "coordinates": [ 95.2947, 24.8059, 128.873 ] } },
{ "type": "Feature", "properties": { "mag": 5.0, "place": "33 km NE of Shwebo, Burma (Myanmar)", "time": 1767273539369, "updated": 1775599909040, "tz": null, "url": "https://earthquake.usgs.gov/earthquakes/eventpage/us7000rlx8", "detail": "https://earthquake.usgs.gov/fdsnws/event/1/query?eventid=us7000rlx8&format=geojson", "felt": 2.0, "cdi": 3.4, "mmi": null, "alert": null, "status": "reviewed", "tsunami": 0, "sig": 385, "net": "us", "code": "7000rlx8", "ids": ",us7000rlx8,", "sources": ",us,", "types": ",dyfi,origin,phase-data,", "nst": 70, "dmin": 1.84, "rms": 0.76, "gap": 52, "magType": "mb", "type": "earthquake", "title": "M 5.0 - 33 km NE of Shwebo, Burma (Myanmar)" }, "geometry": { "type": "Point", "coordinates": [ 95.9011, 22.8108, 10.0 ] } },
{ "type": "Feature", "properties": { "mag": 4.2, "place": "32 km SE of Sarupathar, India", "time": 1767022229804, "updated": 1775083744040, "tz": null, "url": "https://earthquake.usgs.gov/earthquakes/eventpage/us7000rqw2", "detail": "https://earthquake.usgs.gov/fdsnws/event/1/query?eventid=us7000rqw2&format=geojson", "felt": null, "cdi": null, "mmi": null, "alert": null, "status": "reviewed", "tsunami": 0, "sig": 271, "net": "us", "code": "7000rqw2", "ids": ",us7000rqw2,", "sources": ",us,", "types": ",origin,phase-data,", "nst": 28, "dmin": 5.201, "rms": 0.98, "gap": 117, "magType": "mb", "type": "earthquake", "title": "M 4.2 - 32 km SE of Sarupathar, India" }, "geometry": { "type": "Point", "coordinates": [ 97.0716, 26.0392, 10.0 ] } },
{ "type": "Feature", "properties": { "mag": 4.6, "place": "38 km ESE of Sarupathar, India", "time": 1766018072270, "updated": 1773928561040, "tz": null, "url": "https://earthquake.usgs.gov/earthquakes/eventpage/us6000rvkv", "detail": "https://earthquake.usgs.gov/fdsnws/event/1/query?eventid=us6000rvkv&format=geojson", "felt": null, "cdi": null, "mmi": null, "alert": null, "status": "reviewed", "tsunami": 0, "sig": 326, "net": "us", "code": "6000rvkv", "ids": ",us6000rvkv,", "sources": ",us,", "types": ",origin,phase-data,", "nst": 81, "dmin": 5.306, "rms": 0.52, "gap": 91, "magType": "mb", "type": "earthquake", "title": "M 4.6 - 38 km ESE of Sarupathar, India" }, "geometry": { "type": "Point", "coordinates": [ 97.1858, 26.1352, 10.0 ] } },
{ "type": "Feature", "properties": { "mag": 4.7, "place": "33 km E of Shwebo, Burma (Myanmar)", "time": 1765359335862, "updated": 1773181114040, "tz": null, "url": "https://earthquake.usgs.gov/earthquakes/eventpage/us6000rtv3", "detail": "https://earthquake.usgs.gov/fdsnws/event/1/query?eventid=us6000rtv3&format=geojson", "felt": 1.0, "cdi": 1.0, "mmi": null, "alert": null, "status": "reviewed", "tsunami": 0, "sig": 340, "net": "us", "code": "6000rtv3", "ids": ",us6000rtv3,", "sources": ",us,", "types": ",dyfi,origin,phase-data,", "nst": 65, "dmin": 1.724, "rms": 0.44, "gap": 70, "magType": "mb", "type": "earthquake", "title": "M 4.7 - 33 km E of Shwebo, Burma (Myanmar)" }, "geometry": { "type": "Point", "coordinates": [ 96.0249, 22.5952, 10.0 ] } },
{ "type": "Feature", "properties": { "mag": 4.2, "place": "76 km SE of Mawlaik, Burma (Myanmar)", "time": 1765169331329, "updated": 1772649902040, "tz": null, "url": "https://earthquake.usgs.gov/earthquakes/eventpage/us7000rmss", "detail": "https://earthquake.usgs.gov/fdsnws/event/1/query?eventid=us7000rmss&format=geojson", "felt": null, "cdi": null, "mmi": null, "alert": null, "status": "reviewed", "tsunami": 0, "sig": 271, "net": "us", "code": "7000rmss", "ids": ",us7000rmss,", "sources": ",us,", "types": ",origin,phase-data,", "nst": 19, "dmin": 1.88, "rms": 0.49, "gap": 129, "magType": "mb", "type": "earthquake", "title": "M 4.2 - 76 km SE of Mawlaik, Burma (Myanmar)" }, "geometry": { "type": "Point", "coordinates": [ 94.8608, 23.0944, 94.964 ] } },
{ "type": "Feature", "properties": { "mag": 4.8, "place": "5 km N of Sagaing, Burma (Myanmar)", "time": 1764673269803, "updated": 1772036322040, "tz": null, "url": "https://earthquake.usgs.gov/earthquakes/eventpage/us6000rvt6", "detail": "https://earthquake.usgs.gov/fdsnws/event/1/query?eventid=us6000rvt6&format=geojson", "felt": null, "cdi": null, "mmi": null, "alert": null, "status": "reviewed", "tsunami": 0, "sig": 354, "net": "us", "code": "6000rvt6", "ids": ",us6000rvt6,", "sources": ",us,", "types": ",origin,phase-data,", "nst": 38, "dmin": 1.226, "rms": 0.44, "gap": 75, "magType": "mb", "type": "earthquake", "title": "M 4.8 - 5 km N of Sagaing, Burma (Myanmar)" }, "geometry": { "type": "Point", "coordinates": [ 95.9869, 21.9235, 10.0 ] } },
{ "type": "Feature", "properties": { "mag": 4.8, "place": "81 km E of Falam, Burma (Myanmar)", "time": 1764615315922, "updated": 1772036321040, "tz": null, "url": "https://earthquake.usgs.gov/earthquakes/eventpage/us7000rews", "detail": "https://earthquake.usgs.gov/fdsnws/event/1/query?eventid=us7000rews&format=geojson", "felt": 5.0, "cdi": 2.7, "mmi": null, "alert": null, "status": "reviewed", "tsunami": 0, "sig": 356, "net": "us", "code": "7000rews", "ids": ",us7000rews,", "sources": ",us,", "types": ",dyfi,origin,phase-data,", "nst": 94, "dmin": 4.817, "rms": 0.71, "gap": 64, "magType": "mb", "type": "earthquake", "title": "M 4.8 - 81 km E of Falam, Burma (Myanmar)" }, "geometry": { "type": "Point", "coordinates": [ 94.4717, 22.8791, 99.301 ] } },
{ "type": "Feature", "properties": { "mag": 4.1, "place": "86 km S of Hakha, Burma (Myanmar)", "time": 1763341479912, "updated": 1770738917040, "tz": null, "url": "https://earthquake.usgs.gov/earthquakes/eventpage/us7000rfkz", "detail": "https://earthquake.usgs.gov/fdsnws/event/1/query?eventid=us7000rfkz&format=geojson", "felt": null, "cdi": null, "mmi": null, "alert": null, "status": "reviewed", "tsunami": 0, "sig": 259, "net": "us", "code": "7000rfkz", "ids": ",us7000rfkz,", "sources": ",us,", "types": ",origin,phase-data,", "nst": 28, "dmin": 1.386, "rms": 0.4, "gap": 135, "magType": "mb", "type": "earthquake", "title": "M 4.1 - 86 km S of Hakha, Burma (Myanmar)" }, "geometry": { "type": "Point", "coordinates": [ 93.6071, 21.8677, 61.177 ] } },
{ "type": "Feature", "properties": { "mag": 4.3, "place": "36 km NNE of Mawlaik, Burma (Myanmar)", "time": 1763113126667, "updated": 1770738915040, "tz": null, "url": "https://earthquake.usgs.gov/earthquakes/eventpage/us6000rs68", "detail": "https://earthquake.usgs.gov/fdsnws/event/1/query?eventid=us6000rs68&format=geojson", "felt": null, "cdi": null, "mmi": null, "alert": null, "status": "reviewed", "tsunami": 0, "sig": 284, "net": "us", "code": "6000rs68", "ids": ",us6000rs68,", "sources": ",us,", "types": ",origin,phase-data,", "nst": 31, "dmin": 2.777, "rms": 1.02, "gap": 112, "magType": "mb", "type": "earthquake", "title": "M 4.3 - 36 km NNE of Mawlaik, Burma (Myanmar)" }, "geometry": { "type": "Point", "coordinates": [ 94.4815, 23.9664, 53.099 ] } },
{ "type": "Feature", "properties": { "mag": 4.6, "place": "109 km SE of Phek, India", "time": 1762133581974, "updated": 1769536746040, "tz": null, "url": "https://earthquake.usgs.gov/earthquakes/eventpage/us6000rl3w", "detail": "https://earthquake.usgs.gov/fdsnws/event/1/query?eventid=us6000rl3w&format=geojson", "felt": null, "cdi": null, "mmi": null, "alert": null, "status": "reviewed", "tsunami": 0, "sig": 326, "net": "us", "code": "6000rl3w", "ids": ",us6000rl3w,", "sources": ",us,", "types": ",origin,phase-data,", "nst": 94, "dmin": 3.803, "rms": 0.52, "gap": 52, "magType": "mb", "type": "earthquake", "title": "M 4.6 - 109 km SE of Phek, India" }, "geometry": { "type": "Point", "coordinates": [ 95.3102, 25.0088, 117.957 ] } },
{ "type": "Feature", "properties": { "mag": 4.6, "place": "72 km S of Hakha, Burma (Myanmar)", "time": 1761715859485, "updated": 1769536740040, "tz": null, "url": "https://earthquake.usgs.gov/earthquakes/eventpage/us6000rk49", "detail": "https://earthquake.usgs.gov/fdsnws/event/1/query?eventid=us6000rk49&format=geojson", "felt": null, "cdi": null, "mmi": null, "alert": null, "status": "reviewed", "tsunami": 0, "sig": 326, "net": "us", "code": "6000rk49", "ids": ",us6000rk49,", "sources": ",us,", "types": ",origin,phase-data,", "nst": 78, "dmin": 1.444, "rms": 0.84, "gap": 84, "magType": "mb", "type": "earthquake", "title": "M 4.6 - 72 km S of Hakha, Burma (Myanmar)" }, "geometry": { "type": "Point", "coordinates": [ 93.6089, 21.9867, 47.028 ] } },
{ "type": "Feature", "properties": { "mag": 4.2, "place": "76 km ESE of Hakha, Burma (Myanmar)", "time": 1761067900115, "updated": 1767973127040, "tz": null, "url": "https://earthquake.usgs.gov/earthquakes/eventpage/us6000rmtc", "detail": "https://earthquake.usgs.gov/fdsnws/event/1/query?eventid=us6000rmtc&format=geojson", "felt": null, "cdi": null, "mmi": null, "alert": null, "status": "reviewed", "tsunami": 0, "sig": 271, "net": "us", "code": "6000rmtc", "ids": ",us6000rmtc,", "sources": ",us,", "types": ",origin,phase-data,", "nst": 28, "dmin": 1.371, "rms": 0.86, "gap": 113, "magType": "mb", "type": "earthquake", "title": "M 4.2 - 76 km ESE of Hakha, Burma (Myanmar)" }, "geometry": { "type": "Point", "coordinates": [ 94.3264, 22.468, 88.314 ] } },
{ "type": "Feature", "properties": { "mag": 3.9, "place": "22 km N of Yangon, Burma (Myanmar)", "time": 1760719158873, "updated": 1767973127040, "tz": null, "url": "https://earthquake.usgs.gov/earthquakes/eventpage/us7000rk6w", "detail": "https://earthquake.usgs.gov/fdsnws/event/1/query?eventid=us7000rk6w&format=geojson", "felt": null, "cdi": null, "mmi": null, "alert": null, "status": "reviewed", "tsunami": 0, "sig": 234, "net": "us", "code": "7000rk6w", "ids": ",us7000rk6w,", "sources": ",us,", "types": ",impact-text,origin,phase-data,", "nst": 17, "dmin": 0.143, "rms": 0.65, "gap": 124, "magType": "mb", "type": "earthquake", "title": "M 3.9 - 22 km N of Yangon, Burma (Myanmar)" }, "geometry": { "type": "Point", "coordinates": [ 96.1659, 17.0079, 10.0 ] } },
{ "type": "Feature", "properties": { "mag": 4.8, "place": "138 km SE of Phek, India", "time": 1760597874913, "updated": 1767973117040, "tz": null, "url": "https://earthquake.usgs.gov/earthquakes/eventpage/us6000rhhd", "detail": "https://earthquake.usgs.gov/fdsnws/event/1/query?eventid=us6000rhhd&format=geojson", "felt": null, "cdi": null, "mmi": null, "alert": null, "status": "reviewed", "tsunami": 0, "sig": 354, "net": "us", "code": "6000rhhd", "ids": ",us6000rhhd,", "sources": ",us,", "types": ",origin,phase-data,", "nst": 77, "dmin": 3.605, "rms": 0.57, "gap": 53, "magType": "mb", "type": "earthquake", "title": "M 4.8 - 138 km SE of Phek, India" }, "geometry": { "type": "Point", "coordinates": [ 95.4782, 24.7905, 191.422 ] } },
{ "type": "Feature", "properties": { "mag": 4.4, "place": "30 km NNE of Shwebo, Burma (Myanmar)", "time": 1760589416533, "updated": 1767973125040, "tz": null, "url": "https://earthquake.usgs.gov/earthquakes/eventpage/us6000rlw6", "detail": "https://earthquake.usgs.gov/fdsnws/event/1/query?eventid=us6000rlw6&format=geojson", "felt": null, "cdi": null, "mmi": null, "alert": null, "status": "reviewed", "tsunami": 0, "sig": 298, "net": "us", "code": "6000rlw6", "ids": ",us6000rlw6,", "sources": ",us,", "types": ",origin,phase-data,", "nst": 26, "dmin": 1.815, "rms": 0.72, "gap": 99, "magType": "mb", "type": "earthquake", "title": "M 4.4 - 30 km NNE of Shwebo, Burma (Myanmar)" }, "geometry": { "type": "Point", "coordinates": [ 95.8413, 22.8131, 10.0 ] } },
{ "type": "Feature", "properties": { "mag": 4.5, "place": "72 km WNW of Monywa, Burma (Myanmar)", "time": 1760334030144, "updated": 1767309071040, "tz": null, "url": "https://earthquake.usgs.gov/earthquakes/eventpage/us6000rgtt", "detail": "https://earthquake.usgs.gov/fdsnws/event/1/query?eventid=us6000rgtt&format=geojson", "felt": null, "cdi": null, "mmi": null, "alert": null, "status": "reviewed", "tsunami": 0, "sig": 312, "net": "us", "code": "6000rgtt", "ids": ",us6000rgtt,", "sources": ",us,", "types": ",origin,phase-data,", "nst": 84, "dmin": 1.28, "rms": 0.43, "gap": 52, "magType": "mb", "type": "earthquake", "title": "M 4.5 - 72 km WNW of Monywa, Burma (Myanmar)" }, "geometry": { "type": "Point", "coordinates": [ 94.5319, 22.4404, 105.63 ] } },
{ "type": "Feature", "properties": { "mag": 4.9, "place": "69 km E of Wāngjing, India", "time": 1759192803656, "updated": 1765489239040, "tz": null, "url": "https://earthquake.usgs.gov/earthquakes/eventpage/us6000rdpe", "detail": "https://earthquake.usgs.gov/fdsnws/event/1/query?eventid=us6000rdpe&format=geojson", "felt": 1.0, "cdi": 3.4, "mmi": null, "alert": null, "status": "reviewed", "tsunami": 0, "sig": 370, "net": "us", "code": "6000rdpe", "ids": ",us6000rdpe,", "sources": ",us,", "types": ",dyfi,origin,phase-data,", "nst": 80, "dmin": 5.602, "rms": 0.94, "gap": 49, "magType": "mb", "type": "earthquake", "title": "M 4.9 - 69 km E of Wāngjing, India" }, "geometry": { "type": "Point", "coordinates": [ 94.7389, 24.6798, 93.408 ] } },
{ "type": "Feature", "properties": { "mag": 4.4, "place": "19 km NNE of Taungoo, Burma (Myanmar)", "time": 1759020936243, "updated": 1765489242040, "tz": null, "url": "https://earthquake.usgs.gov/earthquakes/eventpage/us6000riaf", "detail": "https://earthquake.usgs.gov/fdsnws/event/1/query?eventid=us6000riaf&format=geojson", "felt": null, "cdi": null, "mmi": null, "alert": null, "status": "reviewed", "tsunami": 0, "sig": 298, "net": "us", "code": "6000riaf", "ids": ",us6000riaf,", "sources": ",us,", "types": ",origin,phase-data,", "nst": 38, "dmin": 1.398, "rms": 0.8, "gap": 113, "magType": "mb", "type": "earthquake", "title": "M 4.4 - 19 km NNE of Taungoo, Burma (Myanmar)" }, "geometry": { "type": "Point", "coordinates": [ 96.4997, 19.1121, 10.0 ] } },
{ "type": "Feature", "properties": { "mag": 4.1, "place": "38 km NNW of Meiktila, Burma (Myanmar)", "time": 1758583156540, "updated": 1765036808040, "tz": null, "url": "https://earthquake.usgs.gov/earthquakes/eventpage/us6000rc6v", "detail": "https://earthquake.usgs.gov/fdsnws/event/1/query?eventid=us6000rc6v&format=geojson", "felt": null, "cdi": null, "mmi": null, "alert": null, "status": "reviewed", "tsunami": 0, "sig": 259, "net": "us", "code": "6000rc6v", "ids": ",us6000rc6v,", "sources": ",us,", "types": ",origin,phase-data,", "nst": 30, "dmin": 2.824, "rms": 1.21, "gap": 138, "magType": "mb", "type": "earthquake", "title": "M 4.1 - 38 km NNW of Meiktila, Burma (Myanmar)" }, "geometry": { "type": "Point", "coordinates": [ 95.7149, 21.2003, 141.521 ] } },
{ "type": "Feature", "properties": { "mag": 4.1, "place": "89 km SSE of Hayuliang, India", "time": 1757983065488, "updated": 1764734322040, "tz": null, "url": "https://earthquake.usgs.gov/earthquakes/eventpage/us6000rfty", "detail": "https://earthquake.usgs.gov/fdsnws/event/1/query?eventid=us6000rfty&format=geojson", "felt": null, "cdi": null, "mmi": null, "alert": null, "status": "reviewed", "tsunami": 0, "sig": 259, "net": "us", "code": "6000rfty", "ids": ",us6000rfty,", "sources": ",us,", "types": ",origin,phase-data,", "nst": 12, "dmin": 5.65, "rms": 0.26, "gap": 164, "magType": "mb", "type": "earthquake", "title": "M 4.1 - 89 km SSE of Hayuliang, India" }, "geometry": { "type": "Point", "coordinates": [ 96.9813, 27.3684, 10.0 ] } },
{ "type": "Feature", "properties": { "mag": 4.6, "place": "108 km W of Chauk, Burma (Myanmar)", "time": 1757861804808, "updated": 1764734312040, "tz": null, "url": "https://earthquake.usgs.gov/earthquakes/eventpage/us7000qw66", "detail": "https://earthquake.usgs.gov/fdsnws/event/1/query?eventid=us7000qw66&format=geojson", "felt": null, "cdi": null, "mmi": null, "alert": null, "status": "reviewed", "tsunami": 0, "sig": 326, "net": "us", "code": "7000qw66", "ids": ",us7000qw66,", "sources": ",us,", "types": ",origin,phase-data,", "nst": 55, "dmin": 4.257, "rms": 0.58, "gap": 155, "magType": "mb", "type": "earthquake", "title": "M 4.6 - 108 km W of Chauk, Burma (Myanmar)" }, "geometry": { "type": "Point", "coordinates": [ 93.7795, 20.9575, 59.107 ] } },
{ "type": "Feature", "properties": { "mag": 4.5, "place": "29 km SSE of Sarupathar, India", "time": 1757741987108, "updated": 1764734298040, "tz": null, "url": "https://earthquake.usgs.gov/earthquakes/eventpage/us6000rf3n", "detail": "https://earthquake.usgs.gov/fdsnws/event/1/query?eventid=us6000rf3n&format=geojson", "felt": null, "cdi": null, "mmi": null, "alert": null, "status": "reviewed", "tsunami": 0, "sig": 312, "net": "us", "code": "6000rf3n", "ids": ",us6000rf3n,", "sources": ",us,", "types": ",origin,phase-data,", "nst": 23, "dmin": 5.253, "rms": 0.74, "gap": 133, "magType": "mb", "type": "earthquake", "title": "M 4.5 - 29 km SSE of Sarupathar, India" }, "geometry": { "type": "Point", "coordinates": [ 96.9455, 25.9678, 10.0 ] } },
{ "type": "Feature", "properties": { "mag": 4.6, "place": "19 km WNW of Taungoo, Burma (Myanmar)", "time": 1757215026030, "updated": 1764546025040, "tz": null, "url": "https://earthquake.usgs.gov/earthquakes/eventpage/us7000qui1", "detail": "https://earthquake.usgs.gov/fdsnws/event/1/query?eventid=us7000qui1&format=geojson", "felt": 3.0, "cdi": 2.7, "mmi": null, "alert": null, "status": "reviewed", "tsunami": 0, "sig": 326, "net": "us", "code": "7000qui1", "ids": ",us7000qui1,", "sources": ",us,", "types": ",dyfi,origin,phase-data,", "nst": 69, "dmin": 1.634, "rms": 0.57, "gap": 58, "magType": "mb", "type": "earthquake", "title": "M 4.6 - 19 km WNW of Taungoo, Burma (Myanmar)" }, "geometry": { "type": "Point", "coordinates": [ 96.264, 19.0137, 10.0 ] } },
{ "type": "Feature", "properties": { "mag": 4.3, "place": "19 km E of Falam, Burma (Myanmar)", "time": 1757116077732, "updated": 1764546012040, "tz": null, "url": "https://earthquake.usgs.gov/earthquakes/eventpage/us6000rdlw", "detail": "https://earthquake.usgs.gov/fdsnws/event/1/query?eventid=us6000rdlw&format=geojson", "felt": null, "cdi": null, "mmi": null, "alert": null, "status": "reviewed", "tsunami": 0, "sig": 284, "net": "us", "code": "6000rdlw", "ids": ",us6000rdlw,", "sources": ",us,", "types": ",origin,phase-data,", "nst": 12, "dmin": 1.958, "rms": 0.18, "gap": 149, "magType": "mb", "type": "earthquake", "title": "M 4.3 - 19 km E of Falam, Burma (Myanmar)" }, "geometry": { "type": "Point", "coordinates": [ 93.8678, 22.9136, 76.811 ] } },
{ "type": "Feature", "properties": { "mag": 4.4, "place": "31 km E of Mawlaik, Burma (Myanmar)", "time": 1756964013449, "updated": 1764545988040, "tz": null, "url": "https://earthquake.usgs.gov/earthquakes/eventpage/us7000qtq9", "detail": "https://earthquake.usgs.gov/fdsnws/event/1/query?eventid=us7000qtq9&format=geojson", "felt": null, "cdi": null, "mmi": null, "alert": null, "status": "reviewed", "tsunami": 0, "sig": 298, "net": "us", "code": "7000qtq9", "ids": ",us7000qtq9,", "sources": ",us,", "types": ",origin,phase-data,", "nst": 29, "dmin": 2.44, "rms": 0.34, "gap": 73, "magType": "mb", "type": "earthquake", "title": "M 4.4 - 31 km E of Mawlaik, Burma (Myanmar)" }, "geometry": { "type": "Point", "coordinates": [ 94.7137, 23.6498, 121.439 ] } },
{ "type": "Feature", "properties": { "mag": 4.5, "place": "25 km ENE of Myingyan, Burma (Myanmar)", "time": 1756959721077, "updated": 1764545987040, "tz": null, "url": "https://earthquake.usgs.gov/earthquakes/eventpage/us7000qtq7", "detail": "https://earthquake.usgs.gov/fdsnws/event/1/query?eventid=us7000qtq7&format=geojson", "felt": null, "cdi": null, "mmi": null, "alert": null, "status": "reviewed", "tsunami": 0, "sig": 312, "net": "us", "code": "7000qtq7", "ids": ",us7000qtq7,", "sources": ",us,", "types": ",origin,phase-data,", "nst": 37, "dmin": 3.17, "rms": 1.34, "gap": 179, "magType": "mb", "type": "earthquake", "title": "M 4.5 - 25 km ENE of Myingyan, Burma (Myanmar)" }, "geometry": { "type": "Point", "coordinates": [ 95.5933, 21.5879, 10.0 ] } },
{ "type": "Feature", "properties": { "mag": 4.2, "place": "22 km SW of Mawlaik, Burma (Myanmar)", "time": 1755839913513, "updated": 1762964747040, "tz": null, "url": "https://earthquake.usgs.gov/earthquakes/eventpage/us7000qwq9", "detail": "https://earthquake.usgs.gov/fdsnws/event/1/query?eventid=us7000qwq9&format=geojson", "felt": 1.0, "cdi": 3.8, "mmi": null, "alert": null, "status": "reviewed", "tsunami": 0, "sig": 272, "net": "us", "code": "7000qwq9", "ids": ",us7000qwq9,", "sources": ",us,", "types": ",dyfi,origin,phase-data,", "nst": 33, "dmin": 2.397, "rms": 0.88, "gap": 150, "magType": "mb", "type": "earthquake", "title": "M 4.2 - 22 km SW of Mawlaik, Burma (Myanmar)" }, "geometry": { "type": "Point", "coordinates": [ 94.2235, 23.5263, 10.0 ] } },
{ "type": "Feature", "properties": { "mag": 5.3, "place": "30 km SSW of Mawlaik, Burma (Myanmar)", "time": 1755838574177, "updated": 1762964736040, "tz": null, "url": "https://earthquake.usgs.gov/earthquakes/eventpage/us6000r2z6", "detail": "https://earthquake.usgs.gov/fdsnws/event/1/query?eventid=us6000r2z6&format=geojson", "felt": null, "cdi": null, "mmi": null, "alert": null, "status": "reviewed", "tsunami": 0, "sig": 432, "net": "us", "code": "6000r2z6", "ids": ",us6000r2z6,", "sources": ",us,", "types": ",origin,phase-data,", "nst": 107, "dmin": 2.27, "rms": 1.1, "gap": 54, "magType": "mb", "type": "earthquake", "title": "M 5.3 - 30 km SSW of Mawlaik, Burma (Myanmar)" }, "geometry": { "type": "Point", "coordinates": [ 94.2596, 23.403, 10.0 ] } },
{ "type": "Feature", "properties": { "mag": 4.6, "place": "80 km S of Mawlaik, Burma (Myanmar)", "time": 1754742613333, "updated": 1761399635040, "tz": null, "url": "https://earthquake.usgs.gov/earthquakes/eventpage/us6000qzgu", "detail": "https://earthquake.usgs.gov/fdsnws/event/1/query?eventid=us6000qzgu&format=geojson", "felt": null, "cdi": null, "mmi": null, "alert": null, "status": "reviewed", "tsunami": 0, "sig": 326, "net": "us", "code": "6000qzgu", "ids": ",us6000qzgu,", "sources": ",us,", "types": ",origin,phase-data,", "nst": 79, "dmin": 4.839, "rms": 0.82, "gap": 58, "magType": "mb", "type": "earthquake", "title": "M 4.6 - 80 km S of Mawlaik, Burma (Myanmar)" }, "geometry": { "type": "Point", "coordinates": [ 94.4797, 22.9169, 100.305 ] } },
{ "type": "Feature", "properties": { "mag": 4.5, "place": "22 km SSE of Yamethin, Burma (Myanmar)", "time": 1754577059671, "updated": 1761399631040, "tz": null, "url": "https://earthquake.usgs.gov/earthquakes/eventpage/us6000qyul", "detail": "https://earthquake.usgs.gov/fdsnws/event/1/query?eventid=us6000qyul&format=geojson", "felt": null, "cdi": null, "mmi": null, "alert": null, "status": "reviewed", "tsunami": 0, "sig": 312, "net": "us", "code": "6000qyul", "ids": ",us6000qyul,", "sources": ",us,", "types": ",origin,phase-data,", "nst": 38, "dmin": 1.541, "rms": 0.84, "gap": 151, "magType": "mb", "type": "earthquake", "title": "M 4.5 - 22 km SSE of Yamethin, Burma (Myanmar)" }, "geometry": { "type": "Point", "coordinates": [ 96.2024, 20.2387, 10.0 ] } },
{ "type": "Feature", "properties": { "mag": 4.5, "place": "25 km E of Meiktila, Burma (Myanmar)", "time": 1754255564297, "updated": 1760741502040, "tz": null, "url": "https://earthquake.usgs.gov/earthquakes/eventpage/us6000qxyb", "detail": "https://earthquake.usgs.gov/fdsnws/event/1/query?eventid=us6000qxyb&format=geojson", "felt": null, "cdi": null, "mmi": null, "alert": null, "status": "reviewed", "tsunami": 0, "sig": 312, "net": "us", "code": "6000qxyb", "ids": ",us6000qxyb,", "sources": ",us,", "types": ",origin,phase-data,", "nst": 60, "dmin": 2.332, "rms": 0.37, "gap": 72, "magType": "mb", "type": "earthquake", "title": "M 4.5 - 25 km E of Meiktila, Burma (Myanmar)" }, "geometry": { "type": "Point", "coordinates": [ 96.0989, 20.8614, 10.0 ] } },
{ "type": "Feature", "properties": { "mag": 4.7, "place": "59 km WNW of Monywa, Burma (Myanmar)", "time": 1753972006736, "updated": 1760741502040, "tz": null, "url": "https://earthquake.usgs.gov/earthquakes/eventpage/us6000qwy4", "detail": "https://earthquake.usgs.gov/fdsnws/event/1/query?eventid=us6000qwy4&format=geojson", "felt": null, "cdi": null, "mmi": null, "alert": null, "status": "reviewed", "tsunami": 0, "sig": 340, "net": "us", "code": "6000qwy4", "ids": ",us6000qwy4,", "sources": ",us,", "types": ",origin,phase-data,", "nst": 90, "dmin": 4.332, "rms": 0.72, "gap": 51, "magType": "mb", "type": "earthquake", "title": "M 4.7 - 59 km WNW of Monywa, Burma (Myanmar)" }, "geometry": { "type": "Point", "coordinates": [ 94.5958, 22.304, 108.963 ] } },
{ "type": "Feature", "properties": { "mag": 4.4, "place": "23 km NE of Shwebo, Burma (Myanmar)", "time": 1753807780262, "updated": 1760216253040, "tz": null, "url": "https://earthquake.usgs.gov/earthquakes/eventpage/us6000qw0f", "detail": "https://earthquake.usgs.gov/fdsnws/event/1/query?eventid=us6000qw0f&format=geojson", "felt": null, "cdi": null, "mmi": null, "alert": null, "status": "reviewed", "tsunami": 0, "sig": 298, "net": "us", "code": "6000qw0f", "ids": ",us6000qw0f,", "sources": ",us,", "types": ",origin,phase-data,", "nst": 63, "dmin": 3.897, "rms": 0.63, "gap": 71, "magType": "mb", "type": "earthquake", "title": "M 4.4 - 23 km NE of Shwebo, Burma (Myanmar)" }, "geometry": { "type": "Point", "coordinates": [ 95.8746, 22.7049, 10.0 ] } },
{ "type": "Feature", "properties": { "mag": 4.6, "place": "25 km NE of Shwebo, Burma (Myanmar)", "time": 1753803273152, "updated": 1760216252040, "tz": null, "url": "https://earthquake.usgs.gov/earthquakes/eventpage/us6000qw02", "detail": "https://earthquake.usgs.gov/fdsnws/event/1/query?eventid=us6000qw02&format=geojson", "felt": null, "cdi": null, "mmi": null, "alert": null, "status": "reviewed", "tsunami": 0, "sig": 326, "net": "us", "code": "6000qw02", "ids": ",us6000qw02,", "sources": ",us,", "types": ",origin,phase-data,", "nst": 92, "dmin": 3.891, "rms": 0.72, "gap": 78, "magType": "mb", "type": "earthquake", "title": "M 4.6 - 25 km NE of Shwebo, Burma (Myanmar)" }, "geometry": { "type": "Point", "coordinates": [ 95.897, 22.7101, 10.0 ] } },
{ "type": "Feature", "properties": { "mag": 4.0, "place": "28 km SW of Sagaing, Burma (Myanmar)", "time": 1753637466570, "updated": 1760216268040, "tz": null, "url": "https://earthquake.usgs.gov/earthquakes/eventpage/us6000qz5b", "detail": "https://earthquake.usgs.gov/fdsnws/event/1/query?eventid=us6000qz5b&format=geojson", "felt": 1.0, "cdi": 4.1, "mmi": null, "alert": null, "status": "reviewed", "tsunami": 0, "sig": 247, "net": "us", "code": "6000qz5b", "ids": ",us6000qz5b,", "sources": ",us,", "types": ",dyfi,origin,phase-data,", "nst": 37, "dmin": 4.431, "rms": 0.53, "gap": 108, "magType": "mb", "type": "earthquake", "title": "M 4.0 - 28 km SW of Sagaing, Burma (Myanmar)" }, "geometry": { "type": "Point", "coordinates": [ 95.7478, 21.7329, 10.0 ] } },
{ "type": "Feature", "properties": { "mag": 4.1, "place": "34 km ENE of Shwebo, Burma (Myanmar)", "time": 1753593335764, "updated": 1760216267040, "tz": null, "url": "https://earthquake.usgs.gov/earthquakes/eventpage/us6000qz4j", "detail": "https://earthquake.usgs.gov/fdsnws/event/1/query?eventid=us6000qz4j&format=geojson", "felt": null, "cdi": null, "mmi": null, "alert": null, "status": "reviewed", "tsunami": 0, "sig": 259, "net": "us", "code": "6000qz4j", "ids": ",us6000qz4j,", "sources": ",us,", "types": ",origin,phase-data,", "nst": 17, "dmin": 3.866, "rms": 0.64, "gap": 161, "magType": "mb", "type": "earthquake", "title": "M 4.1 - 34 km ENE of Shwebo, Burma (Myanmar)" }, "geometry": { "type": "Point", "coordinates": [ 95.9849, 22.7272, 10.0 ] } },
{ "type": "Feature", "properties": { "mag": 4.6, "place": "74 km SSE of Mawlaik, Burma (Myanmar)", "time": 1753358750988, "updated": 1760216226040, "tz": null, "url": "https://earthquake.usgs.gov/earthquakes/eventpage/us6000qukz", "detail": "https://earthquake.usgs.gov/fdsnws/event/1/query?eventid=us6000qukz&format=geojson", "felt": null, "cdi": null, "mmi": null, "alert": null, "status": "reviewed", "tsunami": 0, "sig": 326, "net": "us", "code": "6000qukz", "ids": ",us6000qukz,", "sources": ",us,", "types": ",origin,phase-data,", "nst": 51, "dmin": 4.771, "rms": 0.71, "gap": 128, "magType": "mb", "type": "earthquake", "title": "M 4.6 - 74 km SSE of Mawlaik, Burma (Myanmar)" }, "geometry": { "type": "Point", "coordinates": [ 94.7964, 23.0801, 140.77 ] } },
{ "type": "Feature", "properties": { "mag": 5.1, "place": "28 km ENE of Shwebo, Burma (Myanmar)", "time": 1752831003349, "updated": 1759516953040, "tz": null, "url": "https://earthquake.usgs.gov/earthquakes/eventpage/us7000qddu", "detail": "https://earthquake.usgs.gov/fdsnws/event/1/query?eventid=us7000qddu&format=geojson", "felt": 4.0, "cdi": 4.3, "mmi": 6.768, "alert": "yellow", "status": "reviewed", "tsunami": 0, "sig": 652, "net": "us", "code": "7000qddu", "ids": ",us7000qddu,usauto7000qddu,", "sources": ",us,usauto,", "types": ",dyfi,ground-failure,internal-moment-tensor,losspager,moment-tensor,origin,phase-data,shakemap,", "nst": 111, "dmin": 1.749, "rms": 0.83, "gap": 58, "magType": "mww", "type": "earthquake", "title": "M 5.1 - 28 km ENE of Shwebo, Burma (Myanmar)" }, "geometry": { "type": "Point", "coordinates": [ 95.9569, 22.6707, 10.0 ] } },
{ "type": "Feature", "properties": { "mag": 4.6, "place": "27 km S of Mawlaik, Burma (Myanmar)", "time": 1752738860651, "updated": 1759516948040, "tz": null, "url": "https://earthquake.usgs.gov/earthquakes/eventpage/us7000qd63", "detail": "https://earthquake.usgs.gov/fdsnws/event/1/query?eventid=us7000qd63&format=geojson", "felt": null, "cdi": null, "mmi": null, "alert": null, "status": "reviewed", "tsunami": 0, "sig": 326, "net": "us", "code": "7000qd63", "ids": ",us7000qd63,", "sources": ",us,", "types": ",origin,phase-data,", "nst": 70, "dmin": 2.23, "rms": 0.49, "gap": 71, "magType": "mb", "type": "earthquake", "title": "M 4.6 - 27 km S of Mawlaik, Burma (Myanmar)" }, "geometry": { "type": "Point", "coordinates": [ 94.3928, 23.3928, 93.83 ] } },
{ "type": "Feature", "properties": { "mag": 4.9, "place": "13 km NE of Mandalay, Burma (Myanmar)", "time": 1752613058194, "updated": 1764364976534, "tz": null, "url": "https://earthquake.usgs.gov/earthquakes/eventpage/us7000qcvt", "detail": "https://earthquake.usgs.gov/fdsnws/event/1/query?eventid=us7000qcvt&format=geojson", "felt": 8.0, "cdi": 4.9, "mmi": null, "alert": null, "status": "reviewed", "tsunami": 0, "sig": 373, "net": "us", "code": "7000qcvt", "ids": ",us7000qcvt,", "sources": ",us,", "types": ",dyfi,earthquake-name,impact-text,origin,phase-data,", "nst": 104, "dmin": 1.447, "rms": 0.54, "gap": 68, "magType": "mb", "type": "earthquake", "title": "M 4.9 - 13 km NE of Mandalay, Burma (Myanmar)" }, "geometry": { "type": "Point", "coordinates": [ 96.1641, 22.0738, 10.0 ] } },
{ "type": "Feature", "properties": { "mag": 4.5, "place": "15 km WNW of K?ng Tung, Burma (Myanmar)", "time": 1752480396465, "updated": 1764364280752, "tz": null, "url": "https://earthquake.usgs.gov/earthquakes/eventpage/us7000qck7", "detail": "https://earthquake.usgs.gov/fdsnws/event/1/query?eventid=us7000qck7&format=geojson", "felt": 3.0, "cdi": 2.0, "mmi": null, "alert": null, "status": "reviewed", "tsunami": 0, "sig": 312, "net": "us", "code": "7000qck7", "ids": ",us7000qck7,", "sources": ",us,", "types": ",dyfi,earthquake-name,origin,phase-data,", "nst": 69, "dmin": 1.531, "rms": 0.52, "gap": 68, "magType": "mb", "type": "earthquake", "title": "M 4.5 - 15 km WNW of K?ng Tung, Burma (Myanmar)" }, "geometry": { "type": "Point", "coordinates": [ 99.7826, 21.6642, 10.0 ] } },
{ "type": "Feature", "properties": { "mag": 4.2, "place": "12 km W of K?ng Tung, Burma (Myanmar)", "time": 1752451282311, "updated": 1764364186174, "tz": null, "url": "https://earthquake.usgs.gov/earthquakes/eventpage/us7000qchi", "detail": "https://earthquake.usgs.gov/fdsnws/event/1/query?eventid=us7000qchi&format=geojson", "felt": null, "cdi": null, "mmi": null, "alert": null, "status": "reviewed", "tsunami": 0, "sig": 271, "net": "us", "code": "7000qchi", "ids": ",us7000qchi,", "sources": ",us,", "types": ",earthquake-name,origin,phase-data,", "nst": 18, "dmin": 1.49, "rms": 0.73, "gap": 121, "magType": "mb", "type": "earthquake", "title": "M 4.2 - 12 km W of K?ng Tung, Burma (Myanmar)" }, "geometry": { "type": "Point", "coordinates": [ 99.806, 21.6279, 10.0 ] } },
{ "type": "Feature", "properties": { "mag": 4.3, "place": "31 km NE of Shwebo, Burma (Myanmar)", "time": 1752440640432, "updated": 1764364094426, "tz": null, "url": "https://earthquake.usgs.gov/earthquakes/eventpage/us7000qch0", "detail": "https://earthquake.usgs.gov/fdsnws/event/1/query?eventid=us7000qch0&format=geojson", "felt": null, "cdi": null, "mmi": null, "alert": null, "status": "reviewed", "tsunami": 0, "sig": 284, "net": "us", "code": "7000qch0", "ids": ",us7000qch0,", "sources": ",us,", "types": ",earthquake-name,origin,phase-data,", "nst": 44, "dmin": 1.813, "rms": 0.68, "gap": 79, "magType": "mb", "type": "earthquake", "title": "M 4.3 - 31 km NE of Shwebo, Burma (Myanmar)" }, "geometry": { "type": "Point", "coordinates": [ 95.9256, 22.7652, 10.0 ] } },
{ "type": "Feature", "properties": { "mag": 4.4, "place": "84 km NNE of Taunggyi, Burma (Myanmar)", "time": 1752233353722, "updated": 1764363065909, "tz": null, "url": "https://earthquake.usgs.gov/earthquakes/eventpage/us6000quf5", "detail": "https://earthquake.usgs.gov/fdsnws/event/1/query?eventid=us6000quf5&format=geojson", "felt": null, "cdi": null, "mmi": null, "alert": null, "status": "reviewed", "tsunami": 0, "sig": 298, "net": "us", "code": "6000quf5", "ids": ",us6000quf5,", "sources": ",us,", "types": ",earthquake-name,origin,phase-data,", "nst": 37, "dmin": 2.24, "rms": 0.71, "gap": 109, "magType": "mb", "type": "earthquake", "title": "M 4.4 - 84 km NNE of Taunggyi, Burma (Myanmar)" }, "geometry": { "type": "Point", "coordinates": [ 97.2973, 21.5117, 10.0 ] } },
{ "type": "Feature", "properties": { "mag": 4.3, "place": "90 km E of Phek, India", "time": 1752193567414, "updated": 1764362781190, "tz": null, "url": "https://earthquake.usgs.gov/earthquakes/eventpage/us7000qby2", "detail": "https://earthquake.usgs.gov/fdsnws/event/1/query?eventid=us7000qby2&format=geojson", "felt": null, "cdi": null, "mmi": null, "alert": null, "status": "reviewed", "tsunami": 0, "sig": 284, "net": "us", "code": "7000qby2", "ids": ",us7000qby2,", "sources": ",us,", "types": ",earthquake-name,origin,phase-data,", "nst": 35, "dmin": 4.333, "rms": 0.68, "gap": 112, "magType": "mb", "type": "earthquake", "title": "M 4.3 - 90 km E of Phek, India" }, "geometry": { "type": "Point", "coordinates": [ 95.3851, 25.5376, 121.537 ] } },
{ "type": "Feature", "properties": { "mag": 4.4, "place": "82 km E of Wāngjing, India", "time": 1751865021865, "updated": 1757694190040, "tz": null, "url": "https://earthquake.usgs.gov/earthquakes/eventpage/us7000qb38", "detail": "https://earthquake.usgs.gov/fdsnws/event/1/query?eventid=us7000qb38&format=geojson", "felt": null, "cdi": null, "mmi": null, "alert": null, "status": "reviewed", "tsunami": 0, "sig": 298, "net": "us", "code": "7000qb38", "ids": ",us7000qb38,", "sources": ",us,", "types": ",origin,phase-data,", "nst": 53, "dmin": 3.406, "rms": 0.76, "gap": 126, "magType": "mb", "type": "earthquake", "title": "M 4.4 - 82 km E of Wāngjing, India" }, "geometry": { "type": "Point", "coordinates": [ 94.8742, 24.6278, 109.15 ] } },
{ "type": "Feature", "properties": { "mag": 4.4, "place": "34 km SW of Sagaing, Burma (Myanmar)", "time": 1751503238274, "updated": 1757694185040, "tz": null, "url": "https://earthquake.usgs.gov/earthquakes/eventpage/us7000qac1", "detail": "https://earthquake.usgs.gov/fdsnws/event/1/query?eventid=us7000qac1&format=geojson", "felt": null, "cdi": null, "mmi": null, "alert": null, "status": "reviewed", "tsunami": 0, "sig": 298, "net": "us", "code": "7000qac1", "ids": ",us7000qac1,", "sources": ",us,", "types": ",origin,phase-data,", "nst": 38, "dmin": 3.587, "rms": 1.1, "gap": 89, "magType": "mb", "type": "earthquake", "title": "M 4.4 - 34 km SW of Sagaing, Burma (Myanmar)" }, "geometry": { "type": "Point", "coordinates": [ 95.7576, 21.6431, 10.0 ] } },
{ "type": "Feature", "properties": { "mag": 4.0, "place": "45 km W of Mogok, Burma (Myanmar)", "time": 1751393952132, "updated": 1757018404040, "tz": null, "url": "https://earthquake.usgs.gov/earthquakes/eventpage/us7000qa1f", "detail": "https://earthquake.usgs.gov/fdsnws/event/1/query?eventid=us7000qa1f&format=geojson", "felt": null, "cdi": null, "mmi": null, "alert": null, "status": "reviewed", "tsunami": 0, "sig": 246, "net": "us", "code": "7000qa1f", "ids": ",us7000qa1f,", "sources": ",us,", "types": ",origin,phase-data,", "nst": 25, "dmin": 3.662, "rms": 0.85, "gap": 110, "magType": "mb", "type": "earthquake", "title": "M 4.0 - 45 km W of Mogok, Burma (Myanmar)" }, "geometry": { "type": "Point", "coordinates": [ 96.0654, 22.9464, 10.0 ] } },
{ "type": "Feature", "properties": { "mag": 4.2, "place": "134 km SE of Phek, India", "time": 1751337857016, "updated": 1757018407040, "tz": null, "url": "https://earthquake.usgs.gov/earthquakes/eventpage/us7000qc1g", "detail": "https://earthquake.usgs.gov/fdsnws/event/1/query?eventid=us7000qc1g&format=geojson", "felt": null, "cdi": null, "mmi": null, "alert": null, "status": "reviewed", "tsunami": 0, "sig": 271, "net": "us", "code": "7000qc1g", "ids": ",us7000qc1g,", "sources": ",us,", "types": ",origin,phase-data,", "nst": 41, "dmin": 3.655, "rms": 0.55, "gap": 109, "magType": "mb", "type": "earthquake", "title": "M 4.2 - 134 km SE of Phek, India" }, "geometry": { "type": "Point", "coordinates": [ 95.4771, 24.8414, 163.794 ] } },
{ "type": "Feature", "properties": { "mag": 4.3, "place": "8 km E of Shwebo, Burma (Myanmar)", "time": 1750836705139, "updated": 1757018398040, "tz": null, "url": "https://earthquake.usgs.gov/earthquakes/eventpage/us7000q8ml", "detail": "https://earthquake.usgs.gov/fdsnws/event/1/query?eventid=us7000q8ml&format=geojson", "felt": null, "cdi": null, "mmi": null, "alert": null, "status": "reviewed", "tsunami": 0, "sig": 284, "net": "us", "code": "7000q8ml", "ids": ",us7000q8ml,", "sources": ",us,", "types": ",origin,phase-data,", "nst": 28, "dmin": 1.587, "rms": 0.73, "gap": 102, "magType": "mb", "type": "earthquake", "title": "M 4.3 - 8 km E of Shwebo, Burma (Myanmar)" }, "geometry": { "type": "Point", "coordinates": [ 95.7825, 22.58, 10.0 ] } },
{ "type": "Feature", "properties": { "mag": 4.4, "place": "26 km SSW of Pyay, Burma (Myanmar)", "time": 1750636951835, "updated": 1756848226040, "tz": null, "url": "https://earthquake.usgs.gov/earthquakes/eventpage/us7000qap6", "detail": "https://earthquake.usgs.gov/fdsnws/event/1/query?eventid=us7000qap6&format=geojson", "felt": null, "cdi": null, "mmi": null, "alert": null, "status": "reviewed", "tsunami": 0, "sig": 298, "net": "us", "code": "7000qap6", "ids": ",us7000qap6,", "sources": ",us,", "types": ",origin,phase-data,", "nst": 30, "dmin": 2.025, "rms": 0.44, "gap": 83, "magType": "mb", "type": "earthquake", "title": "M 4.4 - 26 km SSW of Pyay, Burma (Myanmar)" }, "geometry": { "type": "Point", "coordinates": [ 95.0872, 18.626, 78.124 ] } },
{ "type": "Feature", "properties": { "mag": 4.6, "place": "28 km ENE of Mawlaik, Burma (Myanmar)", "time": 1750333810589, "updated": 1756848225040, "tz": null, "url": "https://earthquake.usgs.gov/earthquakes/eventpage/us7000qa7z", "detail": "https://earthquake.usgs.gov/fdsnws/event/1/query?eventid=us7000qa7z&format=geojson", "felt": null, "cdi": null, "mmi": null, "alert": null, "status": "reviewed", "tsunami": 0, "sig": 326, "net": "us", "code": "7000qa7z", "ids": ",us7000qa7z,", "sources": ",us,", "types": ",origin,phase-data,", "nst": 22, "dmin": 2.554, "rms": 0.56, "gap": 135, "magType": "mb", "type": "earthquake", "title": "M 4.6 - 28 km ENE of Mawlaik, Burma (Myanmar)" }, "geometry": { "type": "Point", "coordinates": [ 94.6583, 23.7607, 109.653 ] } },
{ "type": "Feature", "properties": { "mag": 4.5, "place": "36 km SE of Mawlaik, Burma (Myanmar)", "time": 1749534663743, "updated": 1755706139040, "tz": null, "url": "https://earthquake.usgs.gov/earthquakes/eventpage/us6000qjak", "detail": "https://earthquake.usgs.gov/fdsnws/event/1/query?eventid=us6000qjak&format=geojson", "felt": null, "cdi": null, "mmi": null, "alert": null, "status": "reviewed", "tsunami": 0, "sig": 312, "net": "us", "code": "6000qjak", "ids": ",us6000qjak,", "sources": ",us,", "types": ",origin,phase-data,", "nst": 57, "dmin": 2.211, "rms": 0.47, "gap": 64, "magType": "mb", "type": "earthquake", "title": "M 4.5 - 36 km SE of Mawlaik, Burma (Myanmar)" }, "geometry": { "type": "Point", "coordinates": [ 94.6684, 23.4149, 105.73 ] } },
{ "type": "Feature", "properties": { "mag": 4.4, "place": "35 km ESE of Mawlaik, Burma (Myanmar)", "time": 1749533305324, "updated": 1755706139040, "tz": null, "url": "https://earthquake.usgs.gov/earthquakes/eventpage/us6000qjah", "detail": "https://earthquake.usgs.gov/fdsnws/event/1/query?eventid=us6000qjah&format=geojson", "felt": null, "cdi": null, "mmi": null, "alert": null, "status": "reviewed", "tsunami": 0, "sig": 298, "net": "us", "code": "6000qjah", "ids": ",us6000qjah,", "sources": ",us,", "types": ",origin,phase-data,", "nst": 60, "dmin": 2.267, "rms": 0.62, "gap": 67, "magType": "mb", "type": "earthquake", "title": "M 4.4 - 35 km ESE of Mawlaik, Burma (Myanmar)" }, "geometry": { "type": "Point", "coordinates": [ 94.7072, 23.4757, 102.184 ] } },
{ "type": "Feature", "properties": { "mag": 4.2, "place": "29 km N of Sarupathar, India", "time": 1749511874893, "updated": 1755706139040, "tz": null, "url": "https://earthquake.usgs.gov/earthquakes/eventpage/us6000qj94", "detail": "https://earthquake.usgs.gov/fdsnws/event/1/query?eventid=us6000qj94&format=geojson", "felt": null, "cdi": null, "mmi": null, "alert": null, "status": "reviewed", "tsunami": 0, "sig": 271, "net": "us", "code": "6000qj94", "ids": ",us6000qj94,", "sources": ",us,", "types": ",origin,phase-data,", "nst": 27, "dmin": 5.531, "rms": 0.85, "gap": 121, "magType": "mb", "type": "earthquake", "title": "M 4.2 - 29 km N of Sarupathar, India" }, "geometry": { "type": "Point", "coordinates": [ 96.8381, 26.4733, 10.0 ] } },
{ "type": "Feature", "properties": { "mag": 4.3, "place": "18 km SSW of Kyaukse, Burma (Myanmar)", "time": 1749502888020, "updated": 1755706142040, "tz": null, "url": "https://earthquake.usgs.gov/earthquakes/eventpage/us7000q8gy", "detail": "https://earthquake.usgs.gov/fdsnws/event/1/query?eventid=us7000q8gy&format=geojson", "felt": null, "cdi": null, "mmi": null, "alert": null, "status": "reviewed", "tsunami": 0, "sig": 284, "net": "us", "code": "7000q8gy", "ids": ",us7000q8gy,", "sources": ",us,", "types": ",origin,phase-data,", "nst": 20, "dmin": 1.108, "rms": 0.49, "gap": 112, "magType": "mb", "type": "earthquake", "title": "M 4.3 - 18 km SSW of Kyaukse, Burma (Myanmar)" }, "geometry": { "type": "Point", "coordinates": [ 96.0769, 21.4488, 10.0 ] } },
{ "type": "Feature", "properties": { "mag": 4.9, "place": "68 km WSW of Pyay, Burma (Myanmar)", "time": 1749438885163, "updated": 1755706139040, "tz": null, "url": "https://earthquake.usgs.gov/earthquakes/eventpage/us6000qj3e", "detail": "https://earthquake.usgs.gov/fdsnws/event/1/query?eventid=us6000qj3e&format=geojson", "felt": null, "cdi": null, "mmi": null, "alert": null, "status": "reviewed", "tsunami": 0, "sig": 369, "net": "us", "code": "6000qj3e", "ids": ",us6000qj3e,", "sources": ",us,", "types": ",origin,phase-data,", "nst": 134, "dmin": 2.145, "rms": 0.51, "gap": 63, "magType": "mb", "type": "earthquake", "title": "M 4.9 - 68 km WSW of Pyay, Burma (Myanmar)" }, "geometry": { "type": "Point", "coordinates": [ 94.6762, 18.4923, 47.453 ] } },
{ "type": "Feature", "properties": { "mag": 4.3, "place": "37 km NNW of Sarupathar, India", "time": 1749098714189, "updated": 1755706135040, "tz": null, "url": "https://earthquake.usgs.gov/earthquakes/eventpage/us6000qi2j", "detail": "https://earthquake.usgs.gov/fdsnws/event/1/query?eventid=us6000qi2j&format=geojson", "felt": null, "cdi": null, "mmi": null, "alert": null, "status": "reviewed", "tsunami": 0, "sig": 284, "net": "us", "code": "6000qi2j", "ids": ",us6000qi2j,", "sources": ",us,", "types": ",origin,phase-data,", "nst": 65, "dmin": 5.858, "rms": 0.53, "gap": 130, "magType": "mb", "type": "earthquake", "title": "M 4.3 - 37 km NNW of Sarupathar, India" }, "geometry": { "type": "Point", "coordinates": [ 96.7158, 26.5336, 109.239 ] } },
{ "type": "Feature", "properties": { "mag": 4.4, "place": "49 km SW of Kēng Tung, Burma (Myanmar)", "time": 1748957336970, "updated": 1755381255040, "tz": null, "url": "https://earthquake.usgs.gov/earthquakes/eventpage/us6000qhnw", "detail": "https://earthquake.usgs.gov/fdsnws/event/1/query?eventid=us6000qhnw&format=geojson", "felt": null, "cdi": null, "mmi": null, "alert": null, "status": "reviewed", "tsunami": 0, "sig": 298, "net": "us", "code": "6000qhnw", "ids": ",us6000qhnw,", "sources": ",us,", "types": ",origin,phase-data,", "nst": 49, "dmin": 0.057, "rms": 0.46, "gap": 87, "magType": "mb", "type": "earthquake", "title": "M 4.4 - 49 km SW of Kēng Tung, Burma (Myanmar)" }, "geometry": { "type": "Point", "coordinates": [ 99.6496, 21.2716, 12.1 ] } },
{ "type": "Feature", "properties": { "mag": 4.2, "place": "11 km N of Nyaungshwe, Burma (Myanmar)", "time": 1748591007675, "updated": 1755381258040, "tz": null, "url": "https://earthquake.usgs.gov/earthquakes/eventpage/us6000qk3p", "detail": "https://earthquake.usgs.gov/fdsnws/event/1/query?eventid=us6000qk3p&format=geojson", "felt": null, "cdi": null, "mmi": null, "alert": null, "status": "reviewed", "tsunami": 0, "sig": 271, "net": "us", "code": "6000qk3p", "ids": ",us6000qk3p,", "sources": ",us,", "types": ",origin,phase-data,", "nst": 29, "dmin": 1.931, "rms": 0.67, "gap": 122, "magType": "mb", "type": "earthquake", "title": "M 4.2 - 11 km N of Nyaungshwe, Burma (Myanmar)" }, "geometry": { "type": "Point", "coordinates": [ 96.9288, 20.7633, 10.0 ] } },
{ "type": "Feature", "properties": { "mag": 4.3, "place": "66 km SE of Mawlaik, Burma (Myanmar)", "time": 1748476925485, "updated": 1755381249040, "tz": null, "url": "https://earthquake.usgs.gov/earthquakes/eventpage/us6000qgji", "detail": "https://earthquake.usgs.gov/fdsnws/event/1/query?eventid=us6000qgji&format=geojson", "felt": null, "cdi": null, "mmi": null, "alert": null, "status": "reviewed", "tsunami": 0, "sig": 284, "net": "us", "code": "6000qgji", "ids": ",us6000qgji,", "sources": ",us,", "types": ",origin,phase-data,", "nst": 46, "dmin": 1.944, "rms": 0.49, "gap": 123, "magType": "mb", "type": "earthquake", "title": "M 4.3 - 66 km SE of Mawlaik, Burma (Myanmar)" }, "geometry": { "type": "Point", "coordinates": [ 94.7931, 23.1552, 114.219 ] } },
{ "type": "Feature", "properties": { "mag": 4.2, "place": "47 km SE of Wāngjing, India", "time": 1748408033928, "updated": 1755381257040, "tz": null, "url": "https://earthquake.usgs.gov/earthquakes/eventpage/us6000qju8", "detail": "https://earthquake.usgs.gov/fdsnws/event/1/query?eventid=us6000qju8&format=geojson", "felt": null, "cdi": null, "mmi": null, "alert": null, "status": "reviewed", "tsunami": 0, "sig": 271, "net": "us", "code": "6000qju8", "ids": ",us6000qju8,", "sources": ",us,", "types": ",origin,phase-data,", "nst": 25, "dmin": 3.105, "rms": 0.68, "gap": 149, "magType": "mb", "type": "earthquake", "title": "M 4.2 - 47 km SE of Wāngjing, India" }, "geometry": { "type": "Point", "coordinates": [ 94.3996, 24.2883, 35.0 ] } },
{ "type": "Feature", "properties": { "mag": 4.0, "place": "23 km WSW of Pakokku, Burma (Myanmar)", "time": 1748362348373, "updated": 1755098069040, "tz": null, "url": "https://earthquake.usgs.gov/earthquakes/eventpage/us6000qjnr", "detail": "https://earthquake.usgs.gov/fdsnws/event/1/query?eventid=us6000qjnr&format=geojson", "felt": null, "cdi": null, "mmi": null, "alert": null, "status": "reviewed", "tsunami": 0, "sig": 246, "net": "us", "code": "6000qjnr", "ids": ",us6000qjnr,", "sources": ",us,", "types": ",origin,phase-data,", "nst": 20, "dmin": 4.526, "rms": 0.44, "gap": 79, "magType": "mb", "type": "earthquake", "title": "M 4.0 - 23 km WSW of Pakokku, Burma (Myanmar)" }, "geometry": { "type": "Point", "coordinates": [ 94.8814, 21.2512, 126.343 ] } },
{ "type": "Feature", "properties": { "mag": 4.3, "place": "19 km SSE of Meiktila, Burma (Myanmar)", "time": 1748345076290, "updated": 1755098069040, "tz": null, "url": "https://earthquake.usgs.gov/earthquakes/eventpage/us6000qjnc", "detail": "https://earthquake.usgs.gov/fdsnws/event/1/query?eventid=us6000qjnc&format=geojson", "felt": null, "cdi": null, "mmi": null, "alert": null, "status": "reviewed", "tsunami": 0, "sig": 284, "net": "us", "code": "6000qjnc", "ids": ",us6000qjnc,", "sources": ",us,", "types": ",origin,phase-data,", "nst": 26, "dmin": 3.492, "rms": 0.53, "gap": 158, "magType": "mb", "type": "earthquake", "title": "M 4.3 - 19 km SSE of Meiktila, Burma (Myanmar)" }, "geometry": { "type": "Point", "coordinates": [ 95.9036, 20.7067, 10.0 ] } },
{ "type": "Feature", "properties": { "mag": 4.1, "place": "44 km E of Shwebo, Burma (Myanmar)", "time": 1748297635884, "updated": 1755098068040, "tz": null, "url": "https://earthquake.usgs.gov/earthquakes/eventpage/us6000qjkt", "detail": "https://earthquake.usgs.gov/fdsnws/event/1/query?eventid=us6000qjkt&format=geojson", "felt": null, "cdi": null, "mmi": null, "alert": null, "status": "reviewed", "tsunami": 0, "sig": 259, "net": "us", "code": "6000qjkt", "ids": ",us6000qjkt,", "sources": ",us,", "types": ",origin,phase-data,", "nst": 17, "dmin": 3.481, "rms": 0.68, "gap": 165, "magType": "mb", "type": "earthquake", "title": "M 4.1 - 44 km E of Shwebo, Burma (Myanmar)" }, "geometry": { "type": "Point", "coordinates": [ 96.128, 22.6313, 10.0 ] } },
{ "type": "Feature", "properties": { "mag": 4.1, "place": "89 km E of Falam, Burma (Myanmar)", "time": 1748026734833, "updated": 1755098068040, "tz": null, "url": "https://earthquake.usgs.gov/earthquakes/eventpage/us6000qi7n", "detail": "https://earthquake.usgs.gov/fdsnws/event/1/query?eventid=us6000qi7n&format=geojson", "felt": null, "cdi": null, "mmi": null, "alert": null, "status": "reviewed", "tsunami": 0, "sig": 259, "net": "us", "code": "6000qi7n", "ids": ",us6000qi7n,", "sources": ",us,", "types": ",origin,phase-data,", "nst": 19, "dmin": 1.6, "rms": 0.39, "gap": 148, "magType": "mb", "type": "earthquake", "title": "M 4.1 - 89 km E of Falam, Burma (Myanmar)" }, "geometry": { "type": "Point", "coordinates": [ 94.534, 22.7737, 105.853 ] } },
{ "type": "Feature", "properties": { "mag": 3.4, "place": "21 km NNE of Meiktila, Burma (Myanmar)", "time": 1747828590125, "updated": 1755098069040, "tz": null, "url": "https://earthquake.usgs.gov/earthquakes/eventpage/us7000q0j3", "detail": "https://earthquake.usgs.gov/fdsnws/event/1/query?eventid=us7000q0j3&format=geojson", "felt": 1.0, "cdi": 2.0, "mmi": null, "alert": null, "status": "reviewed", "tsunami": 0, "sig": 178, "net": "us", "code": "7000q0j3", "ids": ",us7000q0j3,", "sources": ",us,", "types": ",dyfi,impact-text,origin,phase-data,", "nst": 6, "dmin": 0.978, "rms": 0.43, "gap": 166, "magType": "ml", "type": "earthquake", "title": "M 3.4 - 21 km NNE of Meiktila, Burma (Myanmar)" }, "geometry": { "type": "Point", "coordinates": [ 95.9515, 21.0556, 10.0 ] } },
{ "type": "Feature", "properties": { "mag": 5.1, "place": "22 km SSW of Kyaukse, Burma (Myanmar)", "time": 1747497287188, "updated": 1753463178040, "tz": null, "url": "https://earthquake.usgs.gov/earthquakes/eventpage/us7000pzv3", "detail": "https://earthquake.usgs.gov/fdsnws/event/1/query?eventid=us7000pzv3&format=geojson", "felt": 7.0, "cdi": 5.7, "mmi": null, "alert": null, "status": "reviewed", "tsunami": 0, "sig": 404, "net": "us", "code": "7000pzv3", "ids": ",us7000pzv3,usauto7000pzv3,", "sources": ",us,usauto,", "types": ",dyfi,impact-text,internal-moment-tensor,moment-tensor,origin,phase-data,", "nst": 241, "dmin": 1.084, "rms": 0.53, "gap": 25, "magType": "mww", "type": "earthquake", "title": "M 5.1 - 22 km SSW of Kyaukse, Burma (Myanmar)" }, "geometry": { "type": "Point", "coordinates": [ 96.0564, 21.4196, 10.0 ] } },
{ "type": "Feature", "properties": { "mag": 4.4, "place": "84 km E of Wāngjing, India", "time": 1747218641591, "updated": 1753463172040, "tz": null, "url": "https://earthquake.usgs.gov/earthquakes/eventpage/us6000qgly", "detail": "https://earthquake.usgs.gov/fdsnws/event/1/query?eventid=us6000qgly&format=geojson", "felt": null, "cdi": null, "mmi": null, "alert": null, "status": "reviewed", "tsunami": 0, "sig": 298, "net": "us", "code": "6000qgly", "ids": ",us6000qgly,", "sources": ",us,", "types": ",origin,phase-data,", "nst": 31, "dmin": 3.451, "rms": 0.6, "gap": 124, "magType": "mb", "type": "earthquake", "title": "M 4.4 - 84 km E of Wāngjing, India" }, "geometry": { "type": "Point", "coordinates": [ 94.8973, 24.6729, 10.0 ] } },
{ "type": "Feature", "properties": { "mag": 4.5, "place": "15 km SE of Meiktila, Burma (Myanmar)", "time": 1746779850433, "updated": 1753392612040, "tz": null, "url": "https://earthquake.usgs.gov/earthquakes/eventpage/us7000py69", "detail": "https://earthquake.usgs.gov/fdsnws/event/1/query?eventid=us7000py69&format=geojson", "felt": null, "cdi": null, "mmi": null, "alert": null, "status": "reviewed", "tsunami": 0, "sig": 312, "net": "us", "code": "7000py69", "ids": ",us7000py69,", "sources": ",us,", "types": ",origin,phase-data,", "nst": 46, "dmin": 1.059, "rms": 0.85, "gap": 117, "magType": "mb", "type": "earthquake", "title": "M 4.5 - 15 km SE of Meiktila, Burma (Myanmar)" }, "geometry": { "type": "Point", "coordinates": [ 95.9487, 20.7669, 10.0 ] } },
{ "type": "Feature", "properties": { "mag": 4.4, "place": "22 km NNE of Shwebo, Burma (Myanmar)", "time": 1746401595714, "updated": 1752337845040, "tz": null, "url": "https://earthquake.usgs.gov/earthquakes/eventpage/us7000px5u", "detail": "https://earthquake.usgs.gov/fdsnws/event/1/query?eventid=us7000px5u&format=geojson", "felt": null, "cdi": null, "mmi": null, "alert": null, "status": "reviewed", "tsunami": 0, "sig": 298, "net": "us", "code": "7000px5u", "ids": ",us7000px5u,", "sources": ",us,", "types": ",origin,phase-data,", "nst": 31, "dmin": 1.74, "rms": 0.53, "gap": 119, "magType": "mb", "type": "earthquake", "title": "M 4.4 - 22 km NNE of Shwebo, Burma (Myanmar)" }, "geometry": { "type": "Point", "coordinates": [ 95.787, 22.7543, 10.0 ] } },
{ "type": "Feature", "properties": { "mag": 4.2, "place": "46 km NNE of Shwebo, Burma (Myanmar)", "time": 1745916231090, "updated": 1752248786040, "tz": null, "url": "https://earthquake.usgs.gov/earthquakes/eventpage/us7000pzd6", "detail": "https://earthquake.usgs.gov/fdsnws/event/1/query?eventid=us7000pzd6&format=geojson", "felt": null, "cdi": null, "mmi": null, "alert": null, "status": "reviewed", "tsunami": 0, "sig": 271, "net": "us", "code": "7000pzd6", "ids": ",us7000pzd6,", "sources": ",us,", "types": ",origin,phase-data,", "nst": 21, "dmin": 1.95, "rms": 1.0, "gap": 102, "magType": "mb", "type": "earthquake", "title": "M 4.2 - 46 km NNE of Shwebo, Burma (Myanmar)" }, "geometry": { "type": "Point", "coordinates": [ 95.8068, 22.9811, 10.0 ] } },
{ "type": "Feature", "properties": { "mag": 4.5, "place": "43 km S of Nay Pyi Taw, Burma (Myanmar)", "time": 1745803679270, "updated": 1752248782040, "tz": null, "url": "https://earthquake.usgs.gov/earthquakes/eventpage/us7000pvha", "detail": "https://earthquake.usgs.gov/fdsnws/event/1/query?eventid=us7000pvha&format=geojson", "felt": 2.0, "cdi": 2.0, "mmi": null, "alert": null, "status": "reviewed", "tsunami": 0, "sig": 312, "net": "us", "code": "7000pvha", "ids": ",us7000pvha,", "sources": ",us,", "types": ",dyfi,origin,phase-data,", "nst": 36, "dmin": 1.645, "rms": 0.56, "gap": 165, "magType": "mb", "type": "earthquake", "title": "M 4.5 - 43 km S of Nay Pyi Taw, Burma (Myanmar)" }, "geometry": { "type": "Point", "coordinates": [ 96.1241, 19.3557, 10.0 ] } },
{ "type": "Feature", "properties": { "mag": 4.1, "place": "1 km WNW of Yamethin, Burma (Myanmar)", "time": 1744999282215, "updated": 1750984466040, "tz": null, "url": "https://earthquake.usgs.gov/earthquakes/eventpage/us6000q72i", "detail": "https://earthquake.usgs.gov/fdsnws/event/1/query?eventid=us6000q72i&format=geojson", "felt": null, "cdi": null, "mmi": null, "alert": null, "status": "reviewed", "tsunami": 0, "sig": 259, "net": "us", "code": "6000q72i", "ids": ",us6000q72i,", "sources": ",us,", "types": ",origin,phase-data,", "nst": 15, "dmin": 0.912, "rms": 0.49, "gap": 148, "magType": "mb", "type": "earthquake", "title": "M 4.1 - 1 km WNW of Yamethin, Burma (Myanmar)" }, "geometry": { "type": "Point", "coordinates": [ 96.1272, 20.4354, 10.0 ] } },
{ "type": "Feature", "properties": { "mag": 4.2, "place": "44 km ENE of Shwebo, Burma (Myanmar)", "time": 1744925263108, "updated": 1750984460040, "tz": null, "url": "https://earthquake.usgs.gov/earthquakes/eventpage/us6000q6w6", "detail": "https://earthquake.usgs.gov/fdsnws/event/1/query?eventid=us6000q6w6&format=geojson", "felt": null, "cdi": null, "mmi": null, "alert": null, "status": "reviewed", "tsunami": 0, "sig": 271, "net": "us", "code": "6000q6w6", "ids": ",us6000q6w6,", "sources": ",us,", "types": ",origin,phase-data,", "nst": 24, "dmin": 1.829, "rms": 0.42, "gap": 87, "magType": "mb", "type": "earthquake", "title": "M 4.2 - 44 km ENE of Shwebo, Burma (Myanmar)" }, "geometry": { "type": "Point", "coordinates": [ 96.1235, 22.6589, 10.0 ] } },
{ "type": "Feature", "properties": { "mag": 4.5, "place": "7 km NNE of Mandalay, Burma (Myanmar)", "time": 1744871554457, "updated": 1750984457040, "tz": null, "url": "https://earthquake.usgs.gov/earthquakes/eventpage/us6000q6pf", "detail": "https://earthquake.usgs.gov/fdsnws/event/1/query?eventid=us6000q6pf&format=geojson", "felt": 10.0, "cdi": 5.4, "mmi": null, "alert": null, "status": "reviewed", "tsunami": 0, "sig": 317, "net": "us", "code": "6000q6pf", "ids": ",us6000q6pf,", "sources": ",us,", "types": ",dyfi,origin,phase-data,", "nst": 57, "dmin": 1.385, "rms": 0.45, "gap": 67, "magType": "mb", "type": "earthquake", "title": "M 4.5 - 7 km NNE of Mandalay, Burma (Myanmar)" }, "geometry": { "type": "Point", "coordinates": [ 96.1069, 22.0411, 10.0 ] } },
{ "type": "Feature", "properties": { "mag": 4.3, "place": "18 km ENE of Meiktila, Burma (Myanmar)", "time": 1744778783129, "updated": 1750984495040, "tz": null, "url": "https://earthquake.usgs.gov/earthquakes/eventpage/us7000pw6m", "detail": "https://earthquake.usgs.gov/fdsnws/event/1/query?eventid=us7000pw6m&format=geojson", "felt": null, "cdi": null, "mmi": null, "alert": null, "status": "reviewed", "tsunami": 0, "sig": 284, "net": "us", "code": "7000pw6m", "ids": ",us7000pw6m,", "sources": ",us,", "types": ",origin,phase-data,", "nst": 18, "dmin": 0.961, "rms": 1.01, "gap": 152, "magType": "mb", "type": "earthquake", "title": "M 4.3 - 18 km ENE of Meiktila, Burma (Myanmar)" }, "geometry": { "type": "Point", "coordinates": [ 96.0243, 20.9483, 10.0 ] } },
{ "type": "Feature", "properties": { "mag": 4.7, "place": "20 km S of Taungdwingyi, Burma (Myanmar)", "time": 1744574549684, "updated": 1749925602040, "tz": null, "url": "https://earthquake.usgs.gov/earthquakes/eventpage/us6000q5tq", "detail": "https://earthquake.usgs.gov/fdsnws/event/1/query?eventid=us6000q5tq&format=geojson", "felt": null, "cdi": null, "mmi": null, "alert": null, "status": "reviewed", "tsunami": 0, "sig": 340, "net": "us", "code": "6000q5tq", "ids": ",us6000q5tq,", "sources": ",us,", "types": ",moment-tensor,origin,phase-data,", "nst": 56, "dmin": 1.495, "rms": 0.67, "gap": 51, "magType": "mwr", "type": "earthquake", "title": "M 4.7 - 20 km S of Taungdwingyi, Burma (Myanmar)" }, "geometry": { "type": "Point", "coordinates": [ 95.5327, 19.82, 6.764 ] } },
{ "type": "Feature", "properties": { "mag": 5.3, "place": "41 km S of Kyaukse, Burma (Myanmar)", "time": 1744511097717, "updated": 1749925597040, "tz": null, "url": "https://earthquake.usgs.gov/earthquakes/eventpage/us6000q5ps", "detail": "https://earthquake.usgs.gov/fdsnws/event/1/query?eventid=us6000q5ps&format=geojson", "felt": 28.0, "cdi": 8.3, "mmi": 8.086, "alert": "orange", "status": "reviewed", "tsunami": 0, "sig": 1023, "net": "us", "code": "6000q5ps", "ids": ",us6000q5ps,usauto6000q5ps,", "sources": ",us,usauto,", "types": ",dyfi,ground-failure,impact-text,internal-moment-tensor,losspager,moment-tensor,origin,phase-data,shakemap,", "nst": 104, "dmin": 0.994, "rms": 0.74, "gap": 32, "magType": "mww", "type": "earthquake", "title": "M 5.3 - 41 km S of Kyaukse, Burma (Myanmar)" }, "geometry": { "type": "Point", "coordinates": [ 96.0897, 21.2292, 10.0 ] } },
{ "type": "Feature", "properties": { "mag": 4.4, "place": "26 km N of Nay Pyi Taw, Burma (Myanmar)", "time": 1744381050020, "updated": 1749925600040, "tz": null, "url": "https://earthquake.usgs.gov/earthquakes/eventpage/us6000q5e2", "detail": "https://earthquake.usgs.gov/fdsnws/event/1/query?eventid=us6000q5e2&format=geojson", "felt": null, "cdi": null, "mmi": null, "alert": null, "status": "reviewed", "tsunami": 0, "sig": 298, "net": "us", "code": "6000q5e2", "ids": ",us6000q5e2,", "sources": ",us,", "types": ",origin,phase-data,", "nst": 27, "dmin": 1.183, "rms": 1.02, "gap": 171, "magType": "mb", "type": "earthquake", "title": "M 4.4 - 26 km N of Nay Pyi Taw, Burma (Myanmar)" }, "geometry": { "type": "Point", "coordinates": [ 96.0895, 19.9801, 10.0 ] } },
{ "type": "Feature", "properties": { "mag": 4.4, "place": "26 km ENE of Meiktila, Burma (Myanmar)", "time": 1744347536520, "updated": 1749925605040, "tz": null, "url": "https://earthquake.usgs.gov/earthquakes/eventpage/us7000putd", "detail": "https://earthquake.usgs.gov/fdsnws/event/1/query?eventid=us7000putd&format=geojson", "felt": null, "cdi": null, "mmi": null, "alert": null, "status": "reviewed", "tsunami": 0, "sig": 298, "net": "us", "code": "7000putd", "ids": ",us7000putd,", "sources": ",us,", "types": ",origin,phase-data,", "nst": 28, "dmin": 1.097, "rms": 0.65, "gap": 123, "magType": "mb", "type": "earthquake", "title": "M 4.4 - 26 km ENE of Meiktila, Burma (Myanmar)" }, "geometry": { "type": "Point", "coordinates": [ 96.0731, 21.0117, 10.0 ] } },
{ "type": "Feature", "properties": { "mag": 4.7, "place": "20 km ENE of Meiktila, Burma (Myanmar)", "time": 1744345768671, "updated": 1749925600040, "tz": null, "url": "https://earthquake.usgs.gov/earthquakes/eventpage/us6000q5b0", "detail": "https://earthquake.usgs.gov/fdsnws/event/1/query?eventid=us6000q5b0&format=geojson", "felt": 2.0, "cdi": 3.8, "mmi": null, "alert": null, "status": "reviewed", "tsunami": 0, "sig": 341, "net": "us", "code": "6000q5b0", "ids": ",us6000q5b0,", "sources": ",us,", "types": ",dyfi,origin,phase-data,", "nst": 57, "dmin": 1.076, "rms": 0.84, "gap": 73, "magType": "mb", "type": "earthquake", "title": "M 4.7 - 20 km ENE of Meiktila, Burma (Myanmar)" }, "geometry": { "type": "Point", "coordinates": [ 96.0381, 20.9582, 10.0 ] } },
{ "type": "Feature", "properties": { "mag": 4.4, "place": "17 km WNW of Taungoo, Burma (Myanmar)", "time": 1744338739883, "updated": 1749925605040, "tz": null, "url": "https://earthquake.usgs.gov/earthquakes/eventpage/us7000pus6", "detail": "https://earthquake.usgs.gov/fdsnws/event/1/query?eventid=us7000pus6&format=geojson", "felt": null, "cdi": null, "mmi": null, "alert": null, "status": "reviewed", "tsunami": 0, "sig": 298, "net": "us", "code": "7000pus6", "ids": ",us7000pus6,", "sources": ",us,", "types": ",origin,phase-data,", "nst": 21, "dmin": 2.538, "rms": 0.96, "gap": 149, "magType": "mb", "type": "earthquake", "title": "M 4.4 - 17 km WNW of Taungoo, Burma (Myanmar)" }, "geometry": { "type": "Point", "coordinates": [ 96.2808, 19.004, 10.0 ] } },
{ "type": "Feature", "properties": { "mag": 3.9, "place": "17 km S of Sagaing, Burma (Myanmar)", "time": 1744301878886, "updated": 1749925600040, "tz": null, "url": "https://earthquake.usgs.gov/earthquakes/eventpage/us6000q575", "detail": "https://earthquake.usgs.gov/fdsnws/event/1/query?eventid=us6000q575&format=geojson", "felt": 3.0, "cdi": 4.3, "mmi": null, "alert": null, "status": "reviewed", "tsunami": 0, "sig": 235, "net": "us", "code": "6000q575", "ids": ",us6000q575,", "sources": ",us,", "types": ",dyfi,origin,phase-data,", "nst": 10, "dmin": 1.088, "rms": 1.16, "gap": 117, "magType": "mb", "type": "earthquake", "title": "M 3.9 - 17 km S of Sagaing, Burma (Myanmar)" }, "geometry": { "type": "Point", "coordinates": [ 95.9475, 21.7193, 10.0 ] } },
{ "type": "Feature", "properties": { "mag": 3.6, "place": "7 km NNE of Sagaing, Burma (Myanmar)", "time": 1744214358014, "updated": 1749925598040, "tz": null, "url": "https://earthquake.usgs.gov/earthquakes/eventpage/us6000q4xc", "detail": "https://earthquake.usgs.gov/fdsnws/event/1/query?eventid=us6000q4xc&format=geojson", "felt": 3.0, "cdi": 2.4, "mmi": null, "alert": null, "status": "reviewed", "tsunami": 0, "sig": 200, "net": "us", "code": "6000q4xc", "ids": ",us6000q4xc,", "sources": ",us,", "types": ",dyfi,origin,phase-data,", "nst": 7, "dmin": 1.253, "rms": 0.24, "gap": 226, "magType": "ml", "type": "earthquake", "title": "M 3.6 - 7 km NNE of Sagaing, Burma (Myanmar)" }, "geometry": { "type": "Point", "coordinates": [ 96.0058, 21.9457, 10.0 ] } },
{ "type": "Feature", "properties": { "mag": 3.6, "place": "27 km SW of Kyaukse, Burma (Myanmar)", "time": 1744209617442, "updated": 1749925598040, "tz": null, "url": "https://earthquake.usgs.gov/earthquakes/eventpage/us6000q4x4", "detail": "https://earthquake.usgs.gov/fdsnws/event/1/query?eventid=us6000q4x4&format=geojson", "felt": 2.0, "cdi": 3.6, "mmi": null, "alert": null, "status": "reviewed", "tsunami": 0, "sig": 200, "net": "us", "code": "6000q4x4", "ids": ",us6000q4x4,", "sources": ",us,", "types": ",dyfi,origin,phase-data,", "nst": 5, "dmin": 0.979, "rms": 0.36, "gap": 195, "magType": "ml", "type": "earthquake", "title": "M 3.6 - 27 km SW of Kyaukse, Burma (Myanmar)" }, "geometry": { "type": "Point", "coordinates": [ 95.9352, 21.4447, 10.0 ] } },
{ "type": "Feature", "properties": { "mag": 4.6, "place": "30 km NE of Shwebo, Burma (Myanmar)", "time": 1744185497271, "updated": 1749925598040, "tz": null, "url": "https://earthquake.usgs.gov/earthquakes/eventpage/us6000q4vy", "detail": "https://earthquake.usgs.gov/fdsnws/event/1/query?eventid=us6000q4vy&format=geojson", "felt": null, "cdi": null, "mmi": null, "alert": null, "status": "reviewed", "tsunami": 0, "sig": 326, "net": "us", "code": "6000q4vy", "ids": ",us6000q4vy,", "sources": ",us,", "types": ",origin,phase-data,", "nst": 60, "dmin": 1.809, "rms": 0.59, "gap": 97, "magType": "mb", "type": "earthquake", "title": "M 4.6 - 30 km NE of Shwebo, Burma (Myanmar)" }, "geometry": { "type": "Point", "coordinates": [ 95.8838, 22.784, 10.0 ] } },
{ "type": "Feature", "properties": { "mag": 4.3, "place": "28 km ENE of Shwebo, Burma (Myanmar)", "time": 1744089541212, "updated": 1749476329040, "tz": null, "url": "https://earthquake.usgs.gov/earthquakes/eventpage/us7000pu8u", "detail": "https://earthquake.usgs.gov/fdsnws/event/1/query?eventid=us7000pu8u&format=geojson", "felt": null, "cdi": null, "mmi": null, "alert": null, "status": "reviewed", "tsunami": 0, "sig": 284, "net": "us", "code": "7000pu8u", "ids": ",us7000pu8u,", "sources": ",us,", "types": ",origin,phase-data,", "nst": 45, "dmin": 1.722, "rms": 0.64, "gap": 91, "magType": "mb", "type": "earthquake", "title": "M 4.3 - 28 km ENE of Shwebo, Burma (Myanmar)" }, "geometry": { "type": "Point", "coordinates": [ 95.963, 22.6342, 10.0 ] } },
{ "type": "Feature", "properties": { "mag": 4.3, "place": "38 km NE of Meiktila, Burma (Myanmar)", "time": 1744062504098, "updated": 1749476328040, "tz": null, "url": "https://earthquake.usgs.gov/earthquakes/eventpage/us6000q6tu", "detail": "https://earthquake.usgs.gov/fdsnws/event/1/query?eventid=us6000q6tu&format=geojson", "felt": null, "cdi": null, "mmi": null, "alert": null, "status": "reviewed", "tsunami": 0, "sig": 284, "net": "us", "code": "6000q6tu", "ids": ",us6000q6tu,", "sources": ",us,", "types": ",origin,phase-data,", "nst": 24, "dmin": 0.873, "rms": 0.45, "gap": 96, "magType": "mb", "type": "earthquake", "title": "M 4.3 - 38 km NE of Meiktila, Burma (Myanmar)" }, "geometry": { "type": "Point", "coordinates": [ 96.1609, 21.0805, 10.0 ] } },
{ "type": "Feature", "properties": { "mag": 4.6, "place": "9 km WSW of Kyaukse, Burma (Myanmar)", "time": 1743780324663, "updated": 1749476320040, "tz": null, "url": "https://earthquake.usgs.gov/earthquakes/eventpage/us6000q3ye", "detail": "https://earthquake.usgs.gov/fdsnws/event/1/query?eventid=us6000q3ye&format=geojson", "felt": 7.0, "cdi": 4.2, "mmi": null, "alert": null, "status": "reviewed", "tsunami": 0, "sig": 328, "net": "us", "code": "6000q3ye", "ids": ",us6000q3ye,", "sources": ",us,", "types": ",dyfi,moment-tensor,origin,phase-data,", "nst": 115, "dmin": 1.119, "rms": 0.62, "gap": 49, "magType": "mwr", "type": "earthquake", "title": "M 4.6 - 9 km WSW of Kyaukse, Burma (Myanmar)" }, "geometry": { "type": "Point", "coordinates": [ 96.0529, 21.5705, 10.0 ] } },
{ "type": "Feature", "properties": { "mag": 3.5, "place": "6 km S of Mandalay, Burma (Myanmar)", "time": 1743635589295, "updated": 1749476319040, "tz": null, "url": "https://earthquake.usgs.gov/earthquakes/eventpage/us6000q3nd", "detail": "https://earthquake.usgs.gov/fdsnws/event/1/query?eventid=us6000q3nd&format=geojson", "felt": 2.0, "cdi": 4.1, "mmi": null, "alert": null, "status": "reviewed", "tsunami": 0, "sig": 189, "net": "us", "code": "6000q3nd", "ids": ",us6000q3nd,", "sources": ",us,", "types": ",dyfi,origin,phase-data,", "nst": 8, "dmin": 1.288, "rms": 0.74, "gap": 139, "magType": "ml", "type": "earthquake", "title": "M 3.5 - 6 km S of Mandalay, Burma (Myanmar)" }, "geometry": { "type": "Point", "coordinates": [ 96.0733, 21.9162, 10.0 ] } },
{ "type": "Feature", "properties": { "mag": 4.7, "place": "20 km E of Meiktila, Burma (Myanmar)", "time": 1743590705983, "updated": 1749476329040, "tz": null, "url": "https://earthquake.usgs.gov/earthquakes/eventpage/us7000ppf6", "detail": "https://earthquake.usgs.gov/fdsnws/event/1/query?eventid=us7000ppf6&format=geojson", "felt": 4.0, "cdi": 4.1, "mmi": null, "alert": null, "status": "reviewed", "tsunami": 0, "sig": 341, "net": "us", "code": "7000ppf6", "ids": ",us7000ppf6,", "sources": ",us,", "types": ",dyfi,origin,phase-data,", "nst": 63, "dmin": 0.925, "rms": 0.46, "gap": 72, "magType": "mb", "type": "earthquake", "title": "M 4.7 - 20 km E of Meiktila, Burma (Myanmar)" }, "geometry": { "type": "Point", "coordinates": [ 96.0561, 20.9095, 10.0 ] } },
{ "type": "Feature", "properties": { "mag": 4.4, "place": "97 km NW of Mogok, Burma (Myanmar)", "time": 1743565630784, "updated": 1749476325040, "tz": null, "url": "https://earthquake.usgs.gov/earthquakes/eventpage/us6000q5fg", "detail": "https://earthquake.usgs.gov/fdsnws/event/1/query?eventid=us6000q5fg&format=geojson", "felt": null, "cdi": null, "mmi": null, "alert": null, "status": "reviewed", "tsunami": 0, "sig": 298, "net": "us", "code": "6000q5fg", "ids": ",us6000q5fg,", "sources": ",us,", "types": ",origin,phase-data,", "nst": 37, "dmin": 2.524, "rms": 0.86, "gap": 102, "magType": "mb", "type": "earthquake", "title": "M 4.4 - 97 km NW of Mogok, Burma (Myanmar)" }, "geometry": { "type": "Point", "coordinates": [ 95.8772, 23.579, 10.0 ] } },
{ "type": "Feature", "properties": { "mag": 4.8, "place": "35 km N of Nay Pyi Taw, Burma (Myanmar)", "time": 1743521260823, "updated": 1749244350040, "tz": null, "url": "https://earthquake.usgs.gov/earthquakes/eventpage/us7000pp91", "detail": "https://earthquake.usgs.gov/fdsnws/event/1/query?eventid=us7000pp91&format=geojson", "felt": 3.0, "cdi": 5.0, "mmi": null, "alert": null, "status": "reviewed", "tsunami": 0, "sig": 356, "net": "us", "code": "7000pp91", "ids": ",us7000pp91,", "sources": ",us,", "types": ",dyfi,origin,phase-data,", "nst": 123, "dmin": 1.13, "rms": 0.55, "gap": 55, "magType": "mb", "type": "earthquake", "title": "M 4.8 - 35 km N of Nay Pyi Taw, Burma (Myanmar)" }, "geometry": { "type": "Point", "coordinates": [ 96.0923, 20.0604, 4.465 ] } },
{ "type": "Feature", "properties": { "mag": 4.7, "place": "15 km NW of Mandalay, Burma (Myanmar)", "time": 1743505307444, "updated": 1749244349040, "tz": null, "url": "https://earthquake.usgs.gov/earthquakes/eventpage/us7000pp7z", "detail": "https://earthquake.usgs.gov/fdsnws/event/1/query?eventid=us7000pp7z&format=geojson", "felt": 8.0, "cdi": 4.1, "mmi": null, "alert": null, "status": "reviewed", "tsunami": 0, "sig": 343, "net": "us", "code": "7000pp7z", "ids": ",us7000pp7z,", "sources": ",us,", "types": ",dyfi,moment-tensor,origin,phase-data,", "nst": 115, "dmin": 1.295, "rms": 0.36, "gap": 68, "magType": "mwr", "type": "earthquake", "title": "M 4.7 - 15 km NW of Mandalay, Burma (Myanmar)" }, "geometry": { "type": "Point", "coordinates": [ 95.9636, 22.0634, 10.0 ] } },
{ "type": "Feature", "properties": { "mag": 4.2, "place": "9 km W of Mandalay, Burma (Myanmar)", "time": 1743448269828, "updated": 1749244349040, "tz": null, "url": "https://earthquake.usgs.gov/earthquakes/eventpage/us7000pp3w", "detail": "https://earthquake.usgs.gov/fdsnws/event/1/query?eventid=us7000pp3w&format=geojson", "felt": 2.0, "cdi": 4.3, "mmi": null, "alert": null, "status": "reviewed", "tsunami": 0, "sig": 272, "net": "us", "code": "7000pp3w", "ids": ",us7000pp3w,", "sources": ",us,", "types": ",dyfi,impact-text,origin,phase-data,", "nst": 27, "dmin": 1.268, "rms": 0.78, "gap": 91, "magType": "mb", "type": "earthquake", "title": "M 4.2 - 9 km W of Mandalay, Burma (Myanmar)" }, "geometry": { "type": "Point", "coordinates": [ 95.991, 21.9886, 10.0 ] } },
{ "type": "Feature", "properties": { "mag": 4.2, "place": "9 km NW of Mandalay, Burma (Myanmar)", "time": 1743423141290, "updated": 1749244343040, "tz": null, "url": "https://earthquake.usgs.gov/earthquakes/eventpage/us6000q565", "detail": "https://earthquake.usgs.gov/fdsnws/event/1/query?eventid=us6000q565&format=geojson", "felt": null, "cdi": null, "mmi": null, "alert": null, "status": "reviewed", "tsunami": 0, "sig": 271, "net": "us", "code": "6000q565", "ids": ",us6000q565,", "sources": ",us,", "types": ",origin,phase-data,", "nst": 23, "dmin": 1.314, "rms": 0.51, "gap": 90, "magType": "mb", "type": "earthquake", "title": "M 4.2 - 9 km NW of Mandalay, Burma (Myanmar)" }, "geometry": { "type": "Point", "coordinates": [ 96.0154, 22.0356, 10.0 ] } },
{ "type": "Feature", "properties": { "mag": 4.2, "place": "28 km S of Shwebo, Burma (Myanmar)", "time": 1743400061983, "updated": 1749244342040, "tz": null, "url": "https://earthquake.usgs.gov/earthquakes/eventpage/us6000q55v", "detail": "https://earthquake.usgs.gov/fdsnws/event/1/query?eventid=us6000q55v&format=geojson", "felt": null, "cdi": null, "mmi": null, "alert": null, "status": "reviewed", "tsunami": 0, "sig": 271, "net": "us", "code": "6000q55v", "ids": ",us6000q55v,", "sources": ",us,", "types": ",origin,phase-data,", "nst": 29, "dmin": 1.299, "rms": 0.69, "gap": 95, "magType": "mb", "type": "earthquake", "title": "M 4.2 - 28 km S of Shwebo, Burma (Myanmar)" }, "geometry": { "type": "Point", "coordinates": [ 95.656, 22.313, 10.0 ] } },
{ "type": "Feature", "properties": { "mag": 4.3, "place": "12 km NW of Mandalay, Burma (Myanmar)", "time": 1743398251336, "updated": 1749244342040, "tz": null, "url": "https://earthquake.usgs.gov/earthquakes/eventpage/us6000q55u", "detail": "https://earthquake.usgs.gov/fdsnws/event/1/query?eventid=us6000q55u&format=geojson", "felt": null, "cdi": null, "mmi": null, "alert": null, "status": "reviewed", "tsunami": 0, "sig": 284, "net": "us", "code": "6000q55u", "ids": ",us6000q55u,", "sources": ",us,", "types": ",origin,phase-data,", "nst": 23, "dmin": 1.309, "rms": 0.43, "gap": 87, "magType": "mb", "type": "earthquake", "title": "M 4.3 - 12 km NW of Mandalay, Burma (Myanmar)" }, "geometry": { "type": "Point", "coordinates": [ 95.9969, 22.0479, 10.0 ] } },
{ "type": "Feature", "properties": { "mag": 4.1, "place": "17 km E of Shwebo, Burma (Myanmar)", "time": 1743355848042, "updated": 1749244348040, "tz": null, "url": "https://earthquake.usgs.gov/earthquakes/eventpage/us7000pnwl", "detail": "https://earthquake.usgs.gov/fdsnws/event/1/query?eventid=us7000pnwl&format=geojson", "felt": null, "cdi": null, "mmi": null, "alert": null, "status": "reviewed", "tsunami": 0, "sig": 259, "net": "us", "code": "7000pnwl", "ids": ",us7000pnwl,", "sources": ",us,", "types": ",origin,phase-data,", "nst": 30, "dmin": 2.082, "rms": 0.78, "gap": 150, "magType": "mb", "type": "earthquake", "title": "M 4.1 - 17 km E of Shwebo, Burma (Myanmar)" }, "geometry": { "type": "Point", "coordinates": [ 95.8682, 22.5542, 10.0 ] } },
{ "type": "Feature", "properties": { "mag": 4.3, "place": "34 km E of Shwebo, Burma (Myanmar)", "time": 1743323878122, "updated": 1749244348040, "tz": null, "url": "https://earthquake.usgs.gov/earthquakes/eventpage/us7000pnsw", "detail": "https://earthquake.usgs.gov/fdsnws/event/1/query?eventid=us7000pnsw&format=geojson", "felt": null, "cdi": null, "mmi": null, "alert": null, "status": "reviewed", "tsunami": 0, "sig": 284, "net": "us", "code": "7000pnsw", "ids": ",us7000pnsw,", "sources": ",us,", "types": ",origin,phase-data,", "nst": 32, "dmin": 2.001, "rms": 0.9, "gap": 155, "magType": "mb", "type": "earthquake", "title": "M 4.3 - 34 km E of Shwebo, Burma (Myanmar)" }, "geometry": { "type": "Point", "coordinates": [ 96.0305, 22.5469, 10.0 ] } },
{ "type": "Feature", "properties": { "mag": 4.6, "place": "31 km NNW of Mandalay, Burma (Myanmar)", "time": 1743318481128, "updated": 1749244347040, "tz": null, "url": "https://earthquake.usgs.gov/earthquakes/eventpage/us7000pnsb", "detail": "https://earthquake.usgs.gov/fdsnws/event/1/query?eventid=us7000pnsb&format=geojson", "felt": 8.0, "cdi": 4.5, "mmi": null, "alert": null, "status": "reviewed", "tsunami": 0, "sig": 329, "net": "us", "code": "7000pnsb", "ids": ",us7000pnsb,", "sources": ",us,", "types": ",dyfi,moment-tensor,origin,phase-data,", "nst": 79, "dmin": 1.771, "rms": 0.66, "gap": 69, "magType": "mwr", "type": "earthquake", "title": "M 4.6 - 31 km NNW of Mandalay, Burma (Myanmar)" }, "geometry": { "type": "Point", "coordinates": [ 95.9368, 22.2219, 10.0 ] } },
{ "type": "Feature", "properties": { "mag": 4.1, "place": "15 km WNW of Mandalay, Burma (Myanmar)", "time": 1743315185377, "updated": 1749244342040, "tz": null, "url": "https://earthquake.usgs.gov/earthquakes/eventpage/us6000q4xv", "detail": "https://earthquake.usgs.gov/fdsnws/event/1/query?eventid=us6000q4xv&format=geojson", "felt": null, "cdi": null, "mmi": null, "alert": null, "status": "reviewed", "tsunami": 0, "sig": 259, "net": "us", "code": "6000q4xv", "ids": ",us6000q4xv,", "sources": ",us,", "types": ",origin,phase-data,", "nst": 19, "dmin": 1.603, "rms": 0.68, "gap": 167, "magType": "mb", "type": "earthquake", "title": "M 4.1 - 15 km WNW of Mandalay, Burma (Myanmar)" }, "geometry": { "type": "Point", "coordinates": [ 95.9429, 22.0142, 10.0 ] } },
{ "type": "Feature", "properties": { "mag": 4.5, "place": "14 km W of Nay Pyi Taw, Burma (Myanmar)", "time": 1743293308693, "updated": 1749244342040, "tz": null, "url": "https://earthquake.usgs.gov/earthquakes/eventpage/us6000q4xp", "detail": "https://earthquake.usgs.gov/fdsnws/event/1/query?eventid=us6000q4xp&format=geojson", "felt": null, "cdi": null, "mmi": null, "alert": null, "status": "reviewed", "tsunami": 0, "sig": 312, "net": "us", "code": "6000q4xp", "ids": ",us6000q4xp,", "sources": ",us,", "types": ",origin,phase-data,", "nst": 26, "dmin": 1.407, "rms": 1.17, "gap": 122, "magType": "mb", "type": "earthquake", "title": "M 4.5 - 14 km W of Nay Pyi Taw, Burma (Myanmar)" }, "geometry": { "type": "Point", "coordinates": [ 95.994, 19.7498, 10.0 ] } },
{ "type": "Feature", "properties": { "mag": 4.3, "place": "30 km ESE of Shwebo, Burma (Myanmar)", "time": 1743290854191, "updated": 1749244347040, "tz": null, "url": "https://earthquake.usgs.gov/earthquakes/eventpage/us7000pnqp", "detail": "https://earthquake.usgs.gov/fdsnws/event/1/query?eventid=us7000pnqp&format=geojson", "felt": null, "cdi": null, "mmi": null, "alert": null, "status": "reviewed", "tsunami": 0, "sig": 284, "net": "us", "code": "7000pnqp", "ids": ",us7000pnqp,", "sources": ",us,", "types": ",origin,phase-data,", "nst": 35, "dmin": 4.665, "rms": 0.84, "gap": 153, "magType": "mb", "type": "earthquake", "title": "M 4.3 - 30 km ESE of Shwebo, Burma (Myanmar)" }, "geometry": { "type": "Point", "coordinates": [ 95.9811, 22.4771, 10.0 ] } },
{ "type": "Feature", "properties": { "mag": 5.1, "place": "8 km SW of Nay Pyi Taw, Burma (Myanmar)", "time": 1743240048229, "updated": 1749244347040, "tz": null, "url": "https://earthquake.usgs.gov/earthquakes/eventpage/us7000pnkj", "detail": "https://earthquake.usgs.gov/fdsnws/event/1/query?eventid=us7000pnkj&format=geojson", "felt": 11.0, "cdi": 4.4, "mmi": null, "alert": null, "status": "reviewed", "tsunami": 0, "sig": 405, "net": "us", "code": "7000pnkj", "ids": ",us7000pnkj,", "sources": ",us,", "types": ",dyfi,origin,phase-data,", "nst": 84, "dmin": 2.974, "rms": 0.67, "gap": 59, "magType": "mb", "type": "earthquake", "title": "M 5.1 - 8 km SW of Nay Pyi Taw, Burma (Myanmar)" }, "geometry": { "type": "Point", "coordinates": [ 96.0761, 19.6858, 10.0 ] } },
{ "type": "Feature", "properties": { "mag": 4.3, "place": "17 km NE of Meiktila, Burma (Myanmar)", "time": 1743229431147, "updated": 1749244342040, "tz": null, "url": "https://earthquake.usgs.gov/earthquakes/eventpage/us6000q4s3", "detail": "https://earthquake.usgs.gov/fdsnws/event/1/query?eventid=us6000q4s3&format=geojson", "felt": null, "cdi": null, "mmi": null, "alert": null, "status": "reviewed", "tsunami": 0, "sig": 284, "net": "us", "code": "6000q4s3", "ids": ",us6000q4s3,", "sources": ",us,", "types": ",origin,phase-data,", "nst": 19, "dmin": 3.737, "rms": 0.42, "gap": 170, "magType": "mb", "type": "earthquake", "title": "M 4.3 - 17 km NE of Meiktila, Burma (Myanmar)" }, "geometry": { "type": "Point", "coordinates": [ 95.9969, 20.973, 9.999 ] } },
{ "type": "Feature", "properties": { "mag": 4.2, "place": "40 km ESE of Shwebo, Burma (Myanmar)", "time": 1743206693661, "updated": 1749244342040, "tz": null, "url": "https://earthquake.usgs.gov/earthquakes/eventpage/us6000q4ru", "detail": "https://earthquake.usgs.gov/fdsnws/event/1/query?eventid=us6000q4ru&format=geojson", "felt": null, "cdi": null, "mmi": null, "alert": null, "status": "reviewed", "tsunami": 0, "sig": 271, "net": "us", "code": "6000q4ru", "ids": ",us6000q4ru,", "sources": ",us,", "types": ",origin,phase-data,", "nst": 26, "dmin": 4.571, "rms": 0.71, "gap": 168, "magType": "mb", "type": "earthquake", "title": "M 4.2 - 40 km ESE of Shwebo, Burma (Myanmar)" }, "geometry": { "type": "Point", "coordinates": [ 96.0494, 22.3954, 10.0 ] } },
{ "type": "Feature", "properties": { "mag": 4.1, "place": "15 km NNW of Sagaing, Burma (Myanmar)", "time": 1743192998893, "updated": 1749244342040, "tz": null, "url": "https://earthquake.usgs.gov/earthquakes/eventpage/us6000q4ke", "detail": "https://earthquake.usgs.gov/fdsnws/event/1/query?eventid=us6000q4ke&format=geojson", "felt": null, "cdi": null, "mmi": null, "alert": null, "status": "reviewed", "tsunami": 0, "sig": 259, "net": "us", "code": "6000q4ke", "ids": ",us6000q4ke,", "sources": ",us,", "types": ",origin,phase-data,", "nst": 20, "dmin": 4.531, "rms": 0.69, "gap": 167, "magType": "mb", "type": "earthquake", "title": "M 4.1 - 15 km NNW of Sagaing, Burma (Myanmar)" }, "geometry": { "type": "Point", "coordinates": [ 95.8997, 21.9947, 10.0 ] } },
{ "type": "Feature", "properties": { "mag": 4.2, "place": "16 km SW of Sagaing, Burma (Myanmar)", "time": 1743189296727, "updated": 1749244342040, "tz": null, "url": "https://earthquake.usgs.gov/earthquakes/eventpage/us6000q4kb", "detail": "https://earthquake.usgs.gov/fdsnws/event/1/query?eventid=us6000q4kb&format=geojson", "felt": null, "cdi": null, "mmi": null, "alert": null, "status": "reviewed", "tsunami": 0, "sig": 271, "net": "us", "code": "6000q4kb", "ids": ",us6000q4kb,", "sources": ",us,", "types": ",origin,phase-data,", "nst": 13, "dmin": 4.359, "rms": 0.48, "gap": 194, "magType": "mb", "type": "earthquake", "title": "M 4.2 - 16 km SW of Sagaing, Burma (Myanmar)" }, "geometry": { "type": "Point", "coordinates": [ 95.8877, 21.7546, 10.0 ] } },
{ "type": "Feature", "properties": { "mag": 4.2, "place": "10 km SSW of Sagaing, Burma (Myanmar)", "time": 1743186380385, "updated": 1749244342040, "tz": null, "url": "https://earthquake.usgs.gov/earthquakes/eventpage/us6000q4k2", "detail": "https://earthquake.usgs.gov/fdsnws/event/1/query?eventid=us6000q4k2&format=geojson", "felt": null, "cdi": null, "mmi": null, "alert": null, "status": "reviewed", "tsunami": 0, "sig": 271, "net": "us", "code": "6000q4k2", "ids": ",us6000q4k2,", "sources": ",us,", "types": ",origin,phase-data,", "nst": 17, "dmin": 4.339, "rms": 0.49, "gap": 164, "magType": "mb", "type": "earthquake", "title": "M 4.2 - 10 km SSW of Sagaing, Burma (Myanmar)" }, "geometry": { "type": "Point", "coordinates": [ 95.9561, 21.784, 10.0 ] } },
{ "type": "Feature", "properties": { "mag": 4.5, "place": "20 km SW of Yamethin, Burma (Myanmar)", "time": 1743180380831, "updated": 1749244346040, "tz": null, "url": "https://earthquake.usgs.gov/earthquakes/eventpage/us7000pne5", "detail": "https://earthquake.usgs.gov/fdsnws/event/1/query?eventid=us7000pne5&format=geojson", "felt": 1.0, "cdi": 4.6, "mmi": null, "alert": null, "status": "reviewed", "tsunami": 0, "sig": 312, "net": "us", "code": "7000pne5", "ids": ",us7000pne5,", "sources": ",us,", "types": ",dyfi,origin,phase-data,", "nst": 43, "dmin": 3.298, "rms": 1.04, "gap": 150, "magType": "mb", "type": "earthquake", "title": "M 4.5 - 20 km SW of Yamethin, Burma (Myanmar)" }, "geometry": { "type": "Point", "coordinates": [ 96.0242, 20.2803, 10.0 ] } },
{ "type": "Feature", "properties": { "mag": 4.2, "place": "12 km WNW of Mandalay, Burma (Myanmar)", "time": 1743173359423, "updated": 1749244347040, "tz": null, "url": "https://earthquake.usgs.gov/earthquakes/eventpage/us7000pnq3", "detail": "https://earthquake.usgs.gov/fdsnws/event/1/query?eventid=us7000pnq3&format=geojson", "felt": null, "cdi": null, "mmi": null, "alert": null, "status": "reviewed", "tsunami": 0, "sig": 271, "net": "us", "code": "7000pnq3", "ids": ",us7000pnq3,", "sources": ",us,", "types": ",origin,phase-data,", "nst": 21, "dmin": 4.475, "rms": 0.82, "gap": 158, "magType": "mb", "type": "earthquake", "title": "M 4.2 - 12 km WNW of Mandalay, Burma (Myanmar)" }, "geometry": { "type": "Point", "coordinates": [ 95.9659, 21.9984, 10.0 ] } },
{ "type": "Feature", "properties": { "mag": 4.6, "place": "15 km WNW of Mandalay, Burma (Myanmar)", "time": 1743164516504, "updated": 1749244346040, "tz": null, "url": "https://earthquake.usgs.gov/earthquakes/eventpage/us7000pnc5", "detail": "https://earthquake.usgs.gov/fdsnws/event/1/query?eventid=us7000pnc5&format=geojson", "felt": null, "cdi": null, "mmi": null, "alert": null, "status": "reviewed", "tsunami": 0, "sig": 326, "net": "us", "code": "7000pnc5", "ids": ",us7000pnc5,", "sources": ",us,", "types": ",origin,phase-data,", "nst": 83, "dmin": 4.508, "rms": 0.56, "gap": 64, "magType": "mb", "type": "earthquake", "title": "M 4.6 - 15 km WNW of Mandalay, Burma (Myanmar)" }, "geometry": { "type": "Point", "coordinates": [ 95.9466, 22.0401, 10.0 ] } },
{ "type": "Feature", "properties": { "mag": 4.4, "place": "Burma", "time": 1743160612146, "updated": 1749244346040, "tz": null, "url": "https://earthquake.usgs.gov/earthquakes/eventpage/us7000pnbt", "detail": "https://earthquake.usgs.gov/fdsnws/event/1/query?eventid=us7000pnbt&format=geojson", "felt": null, "cdi": null, "mmi": null, "alert": null, "status": "reviewed", "tsunami": 0, "sig": 298, "net": "us", "code": "7000pnbt", "ids": ",us7000pnbt,", "sources": ",us,", "types": ",earthquake-name,origin,phase-data,", "nst": 57, "dmin": 4.886, "rms": 0.78, "gap": 158, "magType": "mb", "type": "earthquake", "title": "M 4.4 - Burma" }, "geometry": { "type": "Point", "coordinates": [ 95.739, 22.5255, 10.0 ] } },
{ "type": "Feature", "properties": { "mag": 4.5, "place": "41 km S of Pyinmana, Burma (Myanmar)", "time": 1743155732962, "updated": 1749244346040, "tz": null, "url": "https://earthquake.usgs.gov/earthquakes/eventpage/us7000pnfz", "detail": "https://earthquake.usgs.gov/fdsnws/event/1/query?eventid=us7000pnfz&format=geojson", "felt": 2.0, "cdi": 3.8, "mmi": null, "alert": null, "status": "reviewed", "tsunami": 0, "sig": 312, "net": "us", "code": "7000pnfz", "ids": ",us7000pnfz,", "sources": ",us,", "types": ",dyfi,origin,phase-data,", "nst": 68, "dmin": 2.742, "rms": 0.37, "gap": 74, "magType": "mb", "type": "earthquake", "title": "M 4.5 - 41 km S of Pyinmana, Burma (Myanmar)" }, "geometry": { "type": "Point", "coordinates": [ 96.207, 19.3628, 10.0 ] } },
{ "type": "Feature", "properties": { "mag": 4.3, "place": "48 km WNW of Nyaungshwe, Burma (Myanmar)", "time": 1743154006153, "updated": 1749244346040, "tz": null, "url": "https://earthquake.usgs.gov/earthquakes/eventpage/us7000pnfs", "detail": "https://earthquake.usgs.gov/fdsnws/event/1/query?eventid=us7000pnfs&format=geojson", "felt": null, "cdi": null, "mmi": null, "alert": null, "status": "reviewed", "tsunami": 0, "sig": 284, "net": "us", "code": "7000pnfs", "ids": ",us7000pnfs,", "sources": ",us,", "types": ",origin,phase-data,", "nst": 19, "dmin": 3.322, "rms": 0.34, "gap": 166, "magType": "mb", "type": "earthquake", "title": "M 4.3 - 48 km WNW of Nyaungshwe, Burma (Myanmar)" }, "geometry": { "type": "Point", "coordinates": [ 96.5422, 20.903, 10.0 ] } },
{ "type": "Feature", "properties": { "mag": 4.4, "place": "100 km E of Mawlaik, Burma (Myanmar)", "time": 1743153507576, "updated": 1749244346040, "tz": null, "url": "https://earthquake.usgs.gov/earthquakes/eventpage/us7000pnbh", "detail": "https://earthquake.usgs.gov/fdsnws/event/1/query?eventid=us7000pnbh&format=geojson", "felt": null, "cdi": null, "mmi": null, "alert": null, "status": "reviewed", "tsunami": 0, "sig": 298, "net": "us", "code": "7000pnbh", "ids": ",us7000pnbh,", "sources": ",us,", "types": ",origin,phase-data,", "nst": 50, "dmin": 5.669, "rms": 0.38, "gap": 134, "magType": "mb", "type": "earthquake", "title": "M 4.4 - 100 km E of Mawlaik, Burma (Myanmar)" }, "geometry": { "type": "Point", "coordinates": [ 95.3761, 23.501, 10.0 ] } },
{ "type": "Feature", "properties": { "mag": 4.3, "place": "25 km N of Mandalay, Burma (Myanmar)", "time": 1743148748865, "updated": 1749244341040, "tz": null, "url": "https://earthquake.usgs.gov/earthquakes/eventpage/us6000q4jp", "detail": "https://earthquake.usgs.gov/fdsnws/event/1/query?eventid=us6000q4jp&format=geojson", "felt": null, "cdi": null, "mmi": null, "alert": null, "status": "reviewed", "tsunami": 0, "sig": 284, "net": "us", "code": "6000q4jp", "ids": ",us6000q4jp,", "sources": ",us,", "types": ",origin,phase-data,", "nst": 25, "dmin": 4.43, "rms": 0.73, "gap": 163, "magType": "mb", "type": "earthquake", "title": "M 4.3 - 25 km N of Mandalay, Burma (Myanmar)" }, "geometry": { "type": "Point", "coordinates": [ 96.117, 22.2037, 10.0 ] } },
{ "type": "Feature", "properties": { "mag": 4.5, "place": "Burma", "time": 1743148620138, "updated": 1749244346040, "tz": null, "url": "https://earthquake.usgs.gov/earthquakes/eventpage/us7000pnbe", "detail": "https://earthquake.usgs.gov/fdsnws/event/1/query?eventid=us7000pnbe&format=geojson", "felt": null, "cdi": null, "mmi": null, "alert": null, "status": "reviewed", "tsunami": 0, "sig": 312, "net": "us", "code": "7000pnbe", "ids": ",us7000pnbe,", "sources": ",us,", "types": ",earthquake-name,origin,phase-data,", "nst": 34, "dmin": 4.764, "rms": 0.84, "gap": 163, "magType": "mb", "type": "earthquake", "title": "M 4.5 - Burma" }, "geometry": { "type": "Point", "coordinates": [ 95.838, 22.4361, 10.0 ] } },
{ "type": "Feature", "properties": { "mag": 4.6, "place": "Burma", "time": 1743147418799, "updated": 1749244346040, "tz": null, "url": "https://earthquake.usgs.gov/earthquakes/eventpage/us7000pnba", "detail": "https://earthquake.usgs.gov/fdsnws/event/1/query?eventid=us7000pnba&format=geojson", "felt": 3.0, "cdi": 3.9, "mmi": null, "alert": null, "status": "reviewed", "tsunami": 0, "sig": 327, "net": "us", "code": "7000pnba", "ids": ",us7000pnba,", "sources": ",us,", "types": ",dyfi,earthquake-name,origin,phase-data,", "nst": 81, "dmin": 4.908, "rms": 0.62, "gap": 68, "magType": "mb", "type": "earthquake", "title": "M 4.6 - Burma" }, "geometry": { "type": "Point", "coordinates": [ 95.8531, 22.7673, 10.0 ] } },
{ "type": "Feature", "properties": { "mag": 4.4, "place": "7 km NNE of Shwebo, Burma (Myanmar)", "time": 1743147217622, "updated": 1749244346040, "tz": null, "url": "https://earthquake.usgs.gov/earthquakes/eventpage/us7000pnf1", "detail": "https://earthquake.usgs.gov/fdsnws/event/1/query?eventid=us7000pnf1&format=geojson", "felt": null, "cdi": null, "mmi": null, "alert": null, "status": "reviewed", "tsunami": 0, "sig": 298, "net": "us", "code": "7000pnf1", "ids": ",us7000pnf1,", "sources": ",us,", "types": ",impact-text,origin,phase-data,", "nst": 41, "dmin": 4.936, "rms": 0.89, "gap": 79, "magType": "mb", "type": "earthquake", "title": "M 4.4 - 7 km NNE of Shwebo, Burma (Myanmar)" }, "geometry": { "type": "Point", "coordinates": [ 95.7353, 22.6287, 10.0 ] } },
{ "type": "Feature", "properties": { "mag": 4.6, "place": "27 km NE of Shwebo, Burma (Myanmar)", "time": 1743146867907, "updated": 1749244346040, "tz": null, "url": "https://earthquake.usgs.gov/earthquakes/eventpage/us7000pnb8", "detail": "https://earthquake.usgs.gov/fdsnws/event/1/query?eventid=us7000pnb8&format=geojson", "felt": null, "cdi": null, "mmi": null, "alert": null, "status": "reviewed", "tsunami": 0, "sig": 326, "net": "us", "code": "7000pnb8", "ids": ",us7000pnb8,", "sources": ",us,", "types": ",origin,phase-data,", "nst": 41, "dmin": 4.865, "rms": 0.72, "gap": 153, "magType": "mb", "type": "earthquake", "title": "M 4.6 - 27 km NE of Shwebo, Burma (Myanmar)" }, "geometry": { "type": "Point", "coordinates": [ 95.8927, 22.7436, 10.0 ] } },
{ "type": "Feature", "properties": { "mag": 4.4, "place": "22 km NNW of Sagaing, Burma (Myanmar)", "time": 1743145288860, "updated": 1749244341040, "tz": null, "url": "https://earthquake.usgs.gov/earthquakes/eventpage/us6000q4jt", "detail": "https://earthquake.usgs.gov/fdsnws/event/1/query?eventid=us6000q4jt&format=geojson", "felt": null, "cdi": null, "mmi": null, "alert": null, "status": "reviewed", "tsunami": 0, "sig": 298, "net": "us", "code": "6000q4jt", "ids": ",us6000q4jt,", "sources": ",us,", "types": ",origin,phase-data,", "nst": 34, "dmin": 4.581, "rms": 0.52, "gap": 78, "magType": "mb", "type": "earthquake", "title": "M 4.4 - 22 km NNW of Sagaing, Burma (Myanmar)" }, "geometry": { "type": "Point", "coordinates": [ 95.8669, 22.0534, 10.0 ] } },
{ "type": "Feature", "properties": { "mag": 4.5, "place": "13 km N of Mandalay, Burma (Myanmar)", "time": 1743145073711, "updated": 1749244341040, "tz": null, "url": "https://earthquake.usgs.gov/earthquakes/eventpage/us6000q4ji", "detail": "https://earthquake.usgs.gov/fdsnws/event/1/query?eventid=us6000q4ji&format=geojson", "felt": null, "cdi": null, "mmi": null, "alert": null, "status": "reviewed", "tsunami": 0, "sig": 312, "net": "us", "code": "6000q4ji", "ids": ",us6000q4ji,", "sources": ",us,", "types": ",origin,phase-data,", "nst": 31, "dmin": 4.428, "rms": 0.87, "gap": 134, "magType": "mb", "type": "earthquake", "title": "M 4.5 - 13 km N of Mandalay, Burma (Myanmar)" }, "geometry": { "type": "Point", "coordinates": [ 96.0667, 22.0976, 10.0 ] } },
{ "type": "Feature", "properties": { "mag": 4.9, "place": "Burma (Myanmar)", "time": 1743144344906, "updated": 1749244346040, "tz": null, "url": "https://earthquake.usgs.gov/earthquakes/eventpage/us7000pnb6", "detail": "https://earthquake.usgs.gov/fdsnws/event/1/query?eventid=us7000pnb6&format=geojson", "felt": null, "cdi": null, "mmi": null, "alert": null, "status": "reviewed", "tsunami": 0, "sig": 369, "net": "us", "code": "7000pnb6", "ids": ",us7000pnb6,", "sources": ",us,", "types": ",earthquake-name,origin,phase-data,", "nst": 51, "dmin": 2.676, "rms": 0.65, "gap": 101, "magType": "mb", "type": "earthquake", "title": "M 4.9 - Burma (Myanmar)" }, "geometry": { "type": "Point", "coordinates": [ 96.2075, 19.1284, 10.0 ] } },
{ "type": "Feature", "properties": { "mag": 4.9, "place": "11 km WSW of Sagaing, Burma (Myanmar)", "time": 1743144144760, "updated": 1749244346040, "tz": null, "url": "https://earthquake.usgs.gov/earthquakes/eventpage/us7000pncv", "detail": "https://earthquake.usgs.gov/fdsnws/event/1/query?eventid=us7000pncv&format=geojson", "felt": null, "cdi": null, "mmi": null, "alert": null, "status": "reviewed", "tsunami": 0, "sig": 369, "net": "us", "code": "7000pncv", "ids": ",us7000pncv,", "sources": ",us,", "types": ",origin,phase-data,", "nst": 90, "dmin": 4.429, "rms": 0.8, "gap": 79, "magType": "mb", "type": "earthquake", "title": "M 4.9 - 11 km WSW of Sagaing, Burma (Myanmar)" }, "geometry": { "type": "Point", "coordinates": [ 95.8747, 21.8377, 10.0 ] } },
{ "type": "Feature", "properties": { "mag": 4.8, "place": "29 km ESE of Taungdwingyi, Burma (Myanmar)", "time": 1743143954645, "updated": 1749244346040, "tz": null, "url": "https://earthquake.usgs.gov/earthquakes/eventpage/us7000pncy", "detail": "https://earthquake.usgs.gov/fdsnws/event/1/query?eventid=us7000pncy&format=geojson", "felt": null, "cdi": null, "mmi": null, "alert": null, "status": "reviewed", "tsunami": 0, "sig": 354, "net": "us", "code": "7000pncy", "ids": ",us7000pncy,", "sources": ",us,", "types": ",origin,phase-data,", "nst": 33, "dmin": 3.296, "rms": 0.77, "gap": 93, "magType": "mb", "type": "earthquake", "title": "M 4.8 - 29 km ESE of Taungdwingyi, Burma (Myanmar)" }, "geometry": { "type": "Point", "coordinates": [ 95.8026, 19.8979, 10.0 ] } },
{ "type": "Feature", "properties": { "mag": 6.7, "place": "Burma (Myanmar)", "time": 1743143524777, "updated": 1752679090885, "tz": null, "url": "https://earthquake.usgs.gov/earthquakes/eventpage/us7000pn9z", "detail": "https://earthquake.usgs.gov/fdsnws/event/1/query?eventid=us7000pn9z&format=geojson", "felt": 115.0, "cdi": 9.1, "mmi": 8.978, "alert": "red", "status": "reviewed", "tsunami": 0, "sig": 2105, "net": "us", "code": "7000pn9z", "ids": ",us7000pn9z,", "sources": ",us,", "types": ",dyfi,earthquake-name,ground-failure,impact-text,losspager,moment-tensor,origin,phase-data,shakemap,", "nst": 106, "dmin": 4.266, "rms": 0.75, "gap": 41, "magType": "mww", "type": "earthquake", "title": "M 6.7 - Burma (Myanmar)" }, "geometry": { "type": "Point", "coordinates": [ 95.969, 21.6975, 10.0 ] } },
{ "type": "Feature", "properties": { "mag": 7.7, "place": "2025 Mandalay, Burma (Myanmar) Earthquake", "time": 1743142852715, "updated": 1778836354190, "tz": null, "url": "https://earthquake.usgs.gov/earthquakes/eventpage/us7000pn9s", "detail": "https://earthquake.usgs.gov/fdsnws/event/1/query?eventid=us7000pn9s&format=geojson", "felt": 2545.0, "cdi": 9.1, "mmi": 9.953, "alert": "red", "status": "reviewed", "tsunami": 0, "sig": 2910, "net": "us", "code": "7000pn9s", "ids": ",us7000pn9s,usauto7000pn9s,pt25087002,at00sttln4,", "sources": ",us,usauto,pt,at,", "types": ",dyfi,earthquake-name,finite-fault,general-text,ground-failure,impact-text,internal-moment-tensor,internal-origin,losspager,moment-tensor,oaf,origin,phase-data,shakemap,", "nst": 246, "dmin": 3.474, "rms": 0.89, "gap": 24, "magType": "mww", "type": "earthquake", "title": "M 7.7 - 2025 Mandalay, Burma (Myanmar) Earthquake" }, "geometry": { "type": "Point", "coordinates": [ 95.9363, 22.011, 10.0 ] } }
]
}
